contributor,dataset,label,NA,NT,NR,NOR,ORR,NAR_mean,NAR_median,NAR_std,NAR_gini,NAR_IQR,NAT_mean,NAT_median,NAT_std,NAT_gini,NAT_IQR,NCAR_mean,NCAR_median,NCAR_std,NCAR_gini,NCAR_IQR,NTR_mean,NTR_median,NTR_std,NTR_gini,NTR_IQR,DCAR_mean,DCAR_median,DCAR_std,DCAR_gini,DCAR_IQR,DAAR_mean,DAAR_median,DAAR_std,DAAR_gini,DAAR_IQR,DCA_mean,DCA_median,DCA_std,DCA_gini,DCA_IQR,DCAT_mean,DCAT_median,DCAT_std,DCAT_gini,DCAT_IQR
cogbot,test,Bot,195,1,2.0,2,1.0,97.5,97.5,135.057,0.49,95.5,195.0,195.0,0.0,0.0,0.0,48.75,13.0,80.301,0.673,59.75,1.0,1.0,0.0,0.0,0.0,54.615,7.24,99.811,0.434,61.855,1.717,0.891,1.807,0.429,1.659,1.153,0.356,4.264,0.735,0.848,,,0.0,0.0,
project_278964_bot_a1e04ca047b466ba2f6534548fe23088,test,Bot,291,4,2.0,2,1.0,145.5,145.5,191.626,0.466,135.5,72.75,66.5,66.128,0.417,103.75,17.118,2.0,39.528,0.781,9.0,2.5,2.5,2.121,0.3,1.5,74.333,0.149,247.466,0.8,13.921,3.315,2.72,3.11,0.498,4.673,4.54,0.166,14.568,0.846,2.998,3.712,0.02,5.565,0.71,5.377
project_278964_bot_d928bc4aee0c73fc4ffa994d76825393,test,Bot,300,3,1.0,1,1.0,300.0,300.0,0.0,0.0,0.0,100.0,31.0,124.744,0.487,109.5,300.0,300.0,0.0,0.0,0.0,3.0,3.0,0.0,0.0,0.0,444.694,444.694,0.0,0.0,0.0,,,0.0,0.0,,1.487,0.005,5.883,0.941,0.002,1.147,0.002,4.572,0.943,0.002
project_278964_bot_77e28085fcec07f14dfd31c689824b5b,test,Bot,299,4,1.0,1,1.0,299.0,299.0,0.0,0.0,0.0,74.75,70.5,11.701,0.066,7.25,299.0,299.0,0.0,0.0,0.0,4.0,4.0,0.0,0.0,0.0,907.516,907.516,0.0,0.0,0.0,,,0.0,0.0,,3.045,0.022,11.221,0.861,1.486,2.897,0.011,11.572,0.874,1.478
group_12627982_bot_fa274bcce794e189d7608b786351d57e,test,Bot,6,1,2.0,2,1.0,3.0,3.0,0.0,0.0,0.0,6.0,6.0,0.0,0.0,0.0,1.5,1.5,0.577,0.167,1.0,1.0,1.0,0.0,0.0,0.0,336.002,336.001,387.981,0.0,672.003,0.001,0.001,0.0,0.095,0.0,268.802,0.001,368.071,0.6,672.002,,,0.0,0.0,
project_278964_bot_99d8e0716045edece1ece406bdf03728,test,Bot,300,1,1.0,1,1.0,300.0,300.0,0.0,0.0,0.0,300.0,300.0,0.0,0.0,0.0,300.0,300.0,0.0,0.0,0.0,1.0,1.0,0.0,0.0,0.0,858.0,858.0,0.0,0.0,0.0,,,0.0,0.0,,2.87,2.0,3.17,0.286,0.003,,,0.0,0.0,
project_278964_bot_721481034e48437e1f8ec9b259db3134,test,Bot,157,2,1.0,1,1.0,157.0,157.0,0.0,0.0,0.0,78.5,78.5,109.602,0.494,77.5,157.0,157.0,0.0,0.0,0.0,2.0,2.0,0.0,0.0,0.0,341.122,341.122,0.0,0.0,0.0,,,0.0,0.0,,2.187,1.01,5.72,0.672,1.495,0.876,0.876,0.0,0.0,0.0
project_278964_bot_87c17d71a842955abfceaf361a49f249,test,Bot,287,2,1.0,1,1.0,287.0,287.0,0.0,0.0,0.0,143.5,143.5,26.163,0.064,18.5,287.0,287.0,0.0,0.0,0.0,2.0,2.0,0.0,0.0,0.0,84.26,84.26,0.0,0.0,0.0,,,0.0,0.0,,0.295,0.001,1.098,0.928,0.002,0.628,0.004,1.528,0.844,0.247
project_278964_bot_079be3103ed333565a8fbea3be7252f4,test,Bot,300,2,1.0,1,1.0,300.0,300.0,0.0,0.0,0.0,150.0,150.0,200.818,0.473,142.0,300.0,300.0,0.0,0.0,0.0,2.0,2.0,0.0,0.0,0.0,116.85,116.85,0.0,0.0,0.0,,,0.0,0.0,,0.391,0.146,1.466,0.713,0.278,0.054,0.037,0.055,0.488,0.04
project_278964_bot_b66b169fda2a3223a645094be35d5515,test,Bot,297,2,1.0,1,1.0,297.0,297.0,0.0,0.0,0.0,148.5,148.5,170.413,0.406,120.5,297.0,297.0,0.0,0.0,0.0,2.0,2.0,0.0,0.0,0.0,87.361,87.361,0.0,0.0,0.0,,,0.0,0.0,,0.295,0.086,0.87,0.74,0.222,0.41,0.061,1.706,0.883,0.128
project_3472737_bot_1fbc613f42d33124c34fb98cc87650ea,test,Bot,26,1,1.0,1,1.0,26.0,26.0,0.0,0.0,0.0,26.0,26.0,0.0,0.0,0.0,26.0,26.0,0.0,0.0,0.0,1.0,1.0,0.0,0.0,0.0,1796.957,1796.957,0.0,0.0,0.0,,,0.0,0.0,,71.878,14.492,167.984,0.754,60.14,,,0.0,0.0,
gitlab-crowdin-bot,test,Bot,292,1,1.0,1,1.0,292.0,292.0,0.0,0.0,0.0,292.0,292.0,0.0,0.0,0.0,292.0,292.0,0.0,0.0,0.0,1.0,1.0,0.0,0.0,0.0,13.183,13.183,0.0,0.0,0.0,,,0.0,0.0,,0.045,0.002,0.28,0.945,0.001,,,0.0,0.0,
project_250833_bot_836d914bb2e54d8af31290f600147a0c,test,Bot,170,1,1.0,1,1.0,170.0,170.0,0.0,0.0,0.0,170.0,170.0,0.0,0.0,0.0,170.0,170.0,0.0,0.0,0.0,1.0,1.0,0.0,0.0,0.0,2165.133,2165.133,0.0,0.0,0.0,,,0.0,0.0,,12.811,5.74,18.429,0.63,11.986,,,0.0,0.0,
veloren-bot,test,Bot,241,3,4.0,1,0.25,60.25,8.5,108.558,0.692,56.25,80.333,105.0,45.347,0.221,40.0,10.478,3.0,13.941,0.615,10.5,2.0,2.0,0.816,0.188,0.5,85.536,1.815,113.698,0.4,136.714,8.803,7.723,7.728,0.481,12.147,9.004,6.855,8.242,0.494,13.233,7.216,5.397,7.189,0.524,12.533
veloren_collaboration_bot,test,Bot,149,3,3.0,1,0.333,49.667,6.0,76.501,0.595,66.5,49.667,4.0,80.835,0.631,70.5,8.765,3.0,14.303,0.648,10.0,2.333,3.0,1.155,0.19,1.0,109.768,2.776,198.858,0.637,96.686,18.968,9.181,23.652,0.598,18.692,14.659,8.598,19.588,0.598,11.994,6.245,1.452,14.162,0.785,2.136
project_10858056_bot_f969f72a7e15086827dc9d30b978faa2,test,Bot,56,1,1.0,1,1.0,56.0,56.0,0.0,0.0,0.0,56.0,56.0,0.0,0.0,0.0,56.0,56.0,0.0,0.0,0.0,1.0,1.0,0.0,0.0,0.0,2098.991,2098.991,0.0,0.0,0.0,,,0.0,0.0,,38.163,14.008,56.628,0.635,38.023,,,0.0,0.0,
group_1996273_bot_cc390f2dcbab04de9a8637944d3a12ae,test,Bot,32,3,1.0,1,1.0,32.0,32.0,0.0,0.0,0.0,10.667,8.0,8.327,0.333,8.0,32.0,32.0,0.0,0.0,0.0,3.0,3.0,0.0,0.0,0.0,2160.009,2160.009,0.0,0.0,0.0,,,0.0,0.0,,69.678,47.899,74.656,0.562,106.858,13.309,0.116,30.805,0.839,1.141
fdroid-bot,test,Bot,98,5,5.0,2,0.4,19.6,25.0,8.877,0.212,14.0,19.6,9.0,21.078,0.514,32.0,2.13,1.0,4.009,0.452,1.0,1.4,1.0,0.548,0.171,1.0,1.6,0.0,4.211,0.646,0.441,4.993,2.199,6.408,0.606,5.266,3.075,0.474,5.454,0.748,2.719,5.043,1.971,6.774,0.638,5.678
project_15462818_bot_3664b606fd994f2f0d7d6e1051c0505e,test,Bot,12,2,1.0,1,1.0,12.0,12.0,0.0,0.0,0.0,6.0,6.0,7.071,0.417,5.0,12.0,12.0,0.0,0.0,0.0,2.0,2.0,0.0,0.0,0.0,948.066,948.066,0.0,0.0,0.0,,,0.0,0.0,,86.188,91.788,73.099,0.454,105.497,0.095,0.095,0.0,0.0,0.0
kicad-bot,test,Bot,117,4,3.0,3,1.0,39.0,18.0,51.798,0.553,48.5,29.25,21.0,31.383,0.481,22.75,3.9,2.0,5.523,0.57,2.75,1.333,1.0,0.577,0.167,0.5,49.494,0.62,92.736,0.555,75.468,23.273,12.789,24.027,0.53,29.104,18.618,9.668,25.864,0.624,22.595,19.579,9.239,27.911,0.631,24.276
project_7153509_bot_7ca269a66ac9cc6ca2f90b68d42d3661,test,Bot,59,2,1.0,1,1.0,59.0,59.0,0.0,0.0,0.0,29.5,29.5,9.192,0.11,6.5,59.0,59.0,0.0,0.0,0.0,2.0,2.0,0.0,0.0,0.0,2016.01,2016.01,0.0,0.0,0.0,,,0.0,0.0,,34.759,0.0,73.989,0.782,0.001,41.192,0.0,71.868,0.666,53.705
project_74823_bot_eecfeb210f383dd51e07077f09ad39a1,test,Bot,243,2,1.0,1,1.0,243.0,243.0,0.0,0.0,0.0,121.5,121.5,170.413,0.496,120.5,243.0,243.0,0.0,0.0,0.0,2.0,2.0,0.0,0.0,0.0,1834.431,1834.431,0.0,0.0,0.0,,,0.0,0.0,,7.58,2.897,12.274,0.657,8.024,0.252,0.252,0.0,0.0,0.0
project_34675721_bot_63c565833c0f8145e9e29ea80c3a260a,test,Bot,92,1,1.0,1,1.0,92.0,92.0,0.0,0.0,0.0,92.0,92.0,0.0,0.0,0.0,92.0,92.0,0.0,0.0,0.0,1.0,1.0,0.0,0.0,0.0,2139.955,2139.955,0.0,0.0,0.0,,,0.0,0.0,,23.516,8.942,45.977,0.667,23.333,,,0.0,0.0,
nomadic-margebot,test,Bot,204,4,2.0,1,0.5,102.0,102.0,94.752,0.328,67.0,51.0,53.0,33.407,0.309,49.0,3.091,1.0,3.427,0.49,3.75,2.5,2.5,2.121,0.3,1.5,0.294,0.0,0.579,0.545,0.291,2.106,0.567,7.975,0.773,0.251,0.77,0.107,4.588,0.86,0.523,0.895,0.084,5.145,0.878,0.523
project_1148549_bot_d81065e21dec9d41dc5634b28be45f2d,test,Bot,233,6,1.0,1,1.0,233.0,233.0,0.0,0.0,0.0,38.833,35.5,39.997,0.494,69.0,233.0,233.0,0.0,0.0,0.0,6.0,6.0,0.0,0.0,0.0,1455.127,1455.127,0.0,0.0,0.0,,,0.0,0.0,,6.272,0.003,19.804,0.906,0.344,6.947,0.002,20.874,0.897,0.041
project_1148549_bot_56abfea0258612034835203d73f47c34,test,Bot,178,2,1.0,1,1.0,178.0,178.0,0.0,0.0,0.0,89.0,89.0,124.451,0.494,88.0,178.0,178.0,0.0,0.0,0.0,2.0,2.0,0.0,0.0,0.0,1445.343,1445.343,0.0,0.0,0.0,,,0.0,0.0,,8.166,2.12,15.422,0.744,7.949,1.554,1.554,0.0,0.0,0.0
project_1148549_bot_21bb566b6bbb2eb9618a42a7d1859a47,test,Bot,245,4,2.0,2,1.0,122.5,122.5,167.584,0.484,118.5,61.25,31.0,84.445,0.607,84.25,27.222,7.0,39.896,0.663,44.0,2.5,2.5,2.121,0.3,1.5,159.033,20.682,219.865,0.394,302.412,1.985,0.001,5.614,0.857,0.0,5.931,0.001,23.849,0.904,0.003,11.597,0.003,32.622,0.852,8.089
project_1148549_bot_54f67ee4e7c31c72c1458fe69ffda620,test,Bot,158,2,1.0,1,1.0,158.0,158.0,0.0,0.0,0.0,79.0,79.0,110.309,0.494,78.0,158.0,158.0,0.0,0.0,0.0,2.0,2.0,0.0,0.0,0.0,1455.092,1455.092,0.0,0.0,0.0,,,0.0,0.0,,9.268,3.213,23.927,0.736,7.232,1.813,1.813,0.0,0.0,0.0
project_5261717_bot_496b695b4cbdf5e91b5be590c1d72f72,test,Bot,191,2,1.0,1,1.0,191.0,191.0,0.0,0.0,0.0,95.5,95.5,133.643,0.495,94.5,191.0,191.0,0.0,0.0,0.0,2.0,2.0,0.0,0.0,0.0,1703.066,1703.066,0.0,0.0,0.0,,,0.0,0.0,,8.964,2.691,16.161,0.692,8.132,10.929,10.929,0.0,0.0,0.0
project_5261717_bot_c61048c9d61862d90bd10ad33a54aabc,test,Bot,135,5,2.0,2,1.0,67.5,67.5,92.631,0.485,65.5,27.0,12.0,31.008,0.519,19.0,27.0,29.0,26.683,0.486,40.0,3.0,3.0,2.828,0.333,2.0,215.455,119.963,330.482,0.416,165.318,0.0,0.0,0.0,0.0,0.0,8.039,0.0,35.149,0.898,0.001,14.558,0.0,46.419,0.865,0.002
project_3828396_bot_0f903a4c2ee94e92e669bf76d6f1c4a6,test,Bot,6,1,1.0,1,1.0,6.0,6.0,0.0,0.0,0.0,6.0,6.0,0.0,0.0,0.0,6.0,6.0,0.0,0.0,0.0,1.0,1.0,0.0,0.0,0.0,1328.885,1328.885,0.0,0.0,0.0,,,0.0,0.0,,265.777,152.096,306.616,0.556,504.438,,,0.0,0.0,
project_2009901_bot_74b13bc7f440243490fab52f7ffc4d35,test,Bot,149,2,1.0,1,1.0,149.0,149.0,0.0,0.0,0.0,74.5,74.5,103.945,0.493,73.5,149.0,149.0,0.0,0.0,0.0,2.0,2.0,0.0,0.0,0.0,1860.68,1860.68,0.0,0.0,0.0,,,0.0,0.0,,12.572,5.846,18.039,0.643,11.415,8.956,8.956,0.0,0.0,0.0
project_7071551_bot_6c18b737953d30166b19f5c7124223bc,test,Bot,223,1,1.0,1,1.0,223.0,223.0,0.0,0.0,0.0,223.0,223.0,0.0,0.0,0.0,223.0,223.0,0.0,0.0,0.0,1.0,1.0,0.0,0.0,0.0,2182.224,2182.224,0.0,0.0,0.0,,,0.0,0.0,,9.83,3.358,19.669,0.703,8.721,,,0.0,0.0,
project_7071551_bot_f5fdad4eae13d23093bbe3413d011d9e,test,Bot,274,2,3.0,2,0.667,91.333,1.0,156.462,0.659,135.5,137.0,137.0,72.125,0.186,51.0,54.8,12.0,71.786,0.607,100.0,1.333,1.0,0.577,0.167,0.5,413.935,96.912,553.345,0.367,735.202,4.276,3.892,2.513,0.28,2.663,7.644,1.488,21.944,0.774,6.742,6.12,0.001,24.422,0.855,3.662
fsdk-marge-bot,test,Bot,204,6,2.0,1,0.5,102.0,102.0,138.593,0.48,98.0,34.0,30.5,24.372,0.358,39.5,40.8,30.0,42.423,0.508,73.0,4.0,4.0,2.828,0.25,2.0,12.982,7.687,14.466,0.411,27.384,3.62,2.922,3.986,0.518,5.253,0.391,0.001,1.733,0.944,0.002,0.347,0.001,1.42,0.938,0.001
glrenovatebot,test,Bot,292,6,20.0,7,0.35,14.6,4.0,29.763,0.701,7.5,48.667,46.5,47.098,0.466,80.25,5.123,2.0,7.735,0.592,3.0,2.25,2.0,1.209,0.286,2.0,0.421,0.002,3.102,0.968,0.007,2.094,0.03,6.443,0.898,0.113,0.485,0.001,3.22,0.974,0.004,0.557,0.001,3.464,0.971,0.004
group_1112072_bot_165944cd6e64b38b4c0520d5edcd2053,test,Bot,8,1,1.0,1,1.0,8.0,8.0,0.0,0.0,0.0,8.0,8.0,0.0,0.0,0.0,8.0,8.0,0.0,0.0,0.0,1.0,1.0,0.0,0.0,0.0,1176.01,1176.01,0.0,0.0,0.0,,,0.0,0.0,,168.001,168.001,0.003,0.0,0.004,,,0.0,0.0,
group_1112072_bot_d014cc61531b07b593822b83bea118a3,test,Bot,80,1,1.0,1,1.0,80.0,80.0,0.0,0.0,0.0,80.0,80.0,0.0,0.0,0.0,80.0,80.0,0.0,0.0,0.0,1.0,1.0,0.0,0.0,0.0,917.367,917.367,0.0,0.0,0.0,,,0.0,0.0,,11.612,6.632,14.008,0.575,10.994,,,0.0,0.0,
group_1112072_bot_fe57696218e80a2d38f21d17114b3f65,test,Bot,184,1,1.0,1,1.0,184.0,184.0,0.0,0.0,0.0,184.0,184.0,0.0,0.0,0.0,184.0,184.0,0.0,0.0,0.0,1.0,1.0,0.0,0.0,0.0,1455.0,1455.0,0.0,0.0,0.0,,,0.0,0.0,,7.951,8.0,0.596,0.007,0.002,,,0.0,0.0,
group_1112072_bot_0d41afb74ecfaa55ec5343f59ceb3a78,test,Bot,12,1,1.0,1,1.0,12.0,12.0,0.0,0.0,0.0,12.0,12.0,0.0,0.0,0.0,12.0,12.0,0.0,0.0,0.0,1.0,1.0,0.0,0.0,0.0,762.04,762.04,0.0,0.0,0.0,,,0.0,0.0,,69.276,2.003,125.414,0.753,86.998,,,0.0,0.0,
project_14292404_bot_57d28a1bb55cd4dd0db2d62e98d1949b,test,Bot,6,2,1.0,1,1.0,6.0,6.0,0.0,0.0,0.0,3.0,3.0,2.828,0.333,2.0,6.0,6.0,0.0,0.0,0.0,2.0,2.0,0.0,0.0,0.0,1038.753,1038.753,0.0,0.0,0.0,,,0.0,0.0,,207.751,115.6,306.998,0.627,154.985,9.593,9.593,0.0,0.0,0.0
project_734943_bot_a69f6c6d12e0117b341434920c8eba0d,test,Bot,33,2,1.0,1,1.0,33.0,33.0,0.0,0.0,0.0,16.5,16.5,21.92,0.47,15.5,33.0,33.0,0.0,0.0,0.0,2.0,2.0,0.0,0.0,0.0,2110.152,2110.152,0.0,0.0,0.0,,,0.0,0.0,,65.942,34.145,77.834,0.579,93.037,184.289,184.289,0.0,0.0,0.0
group_10870176_bot_74544bb7e730d4b0d05330e11754cbff,test,Bot,27,1,1.0,1,1.0,27.0,27.0,0.0,0.0,0.0,27.0,27.0,0.0,0.0,0.0,27.0,27.0,0.0,0.0,0.0,1.0,1.0,0.0,0.0,0.0,15.596,15.596,0.0,0.0,0.0,,,0.0,0.0,,0.6,0.001,2.897,0.957,0.001,,,0.0,0.0,
group_56389922_bot_5b7b722f970e61e78b5abbfbae051183,test,Bot,300,4,2.0,1,0.5,150.0,150.0,207.889,0.49,147.0,75.0,10.0,134.707,0.685,68.5,42.857,8.0,81.284,0.735,31.5,2.0,2.0,1.414,0.25,1.0,144.292,8.364,270.164,0.55,130.22,1.415,0.77,1.711,0.588,2.632,3.406,1.092,8.303,0.729,2.725,0.658,0.06,1.165,0.757,0.668
project_42817607_bot_a8244e73f1daf844c1fa6e91f7f3eb04,test,Bot,112,1,1.0,1,1.0,112.0,112.0,0.0,0.0,0.0,112.0,112.0,0.0,0.0,0.0,112.0,112.0,0.0,0.0,0.0,1.0,1.0,0.0,0.0,0.0,2053.386,2053.386,0.0,0.0,0.0,,,0.0,0.0,,18.499,13.279,22.008,0.542,18.195,,,0.0,0.0,
group_56389922_bot_d5acfd3f236b75a39c7a05d8424e5448,test,Bot,295,4,2.0,2,1.0,147.5,147.5,205.768,0.493,145.5,73.75,39.0,99.269,0.596,101.25,59.0,60.0,61.168,0.508,87.0,2.0,2.0,1.414,0.25,1.0,292.806,336.005,303.773,0.175,408.014,29.997,28.005,22.03,0.35,29.993,5.388,0.001,15.017,0.878,0.001,6.235,0.0,17.112,0.866,0.0
project_40916776_bot_1b87eb13b8a1e9905daaeef23145fa68,test,Bot,93,1,1.0,1,1.0,93.0,93.0,0.0,0.0,0.0,93.0,93.0,0.0,0.0,0.0,93.0,93.0,0.0,0.0,0.0,1.0,1.0,0.0,0.0,0.0,2164.831,2164.831,0.0,0.0,0.0,,,0.0,0.0,,23.531,9.882,40.199,0.663,22.148,,,0.0,0.0,
project_430285_bot_70904fb10342485479573b9773c04385,test,Bot,21,2,1.0,1,1.0,21.0,21.0,0.0,0.0,0.0,10.5,10.5,13.435,0.452,9.5,21.0,21.0,0.0,0.0,0.0,2.0,2.0,0.0,0.0,0.0,146.512,146.512,0.0,0.0,0.0,,,0.0,0.0,,7.326,4.341,11.111,0.646,8.538,0.045,0.045,0.0,0.0,0.0
project_430285_bot_fd77d0789f6bca571bf21d19023c6d86,test,Bot,157,2,1.0,1,1.0,157.0,157.0,0.0,0.0,0.0,78.5,78.5,109.602,0.494,77.5,157.0,157.0,0.0,0.0,0.0,2.0,2.0,0.0,0.0,0.0,1451.745,1451.745,0.0,0.0,0.0,,,0.0,0.0,,9.306,2.817,16.696,0.712,9.273,2.759,2.759,0.0,0.0,0.0
project_430285_bot_50b118267442859ba0f8b7b2fe384a28,test,Bot,186,6,1.0,1,1.0,186.0,186.0,0.0,0.0,0.0,31.0,14.5,36.932,0.572,50.75,186.0,186.0,0.0,0.0,0.0,6.0,6.0,0.0,0.0,0.0,1453.241,1453.241,0.0,0.0,0.0,,,0.0,0.0,,7.855,0.003,20.579,0.866,1.687,8.1,0.003,20.862,0.861,0.859
project_4149988_bot_f13e10c1e5f1decbe8427389ecf1d9e9,test,Bot,6,2,1.0,1,1.0,6.0,6.0,0.0,0.0,0.0,3.0,3.0,0.0,0.0,0.0,6.0,6.0,0.0,0.0,0.0,2.0,2.0,0.0,0.0,0.0,432.354,432.354,0.0,0.0,0.0,,,0.0,0.0,,86.471,0.002,131.952,0.676,133.811,0.001,0.0,0.001,0.417,0.001
project_4149988_bot_fcce6e2292ad895981a769160373b9b4,test,Bot,12,1,1.0,1,1.0,12.0,12.0,0.0,0.0,0.0,12.0,12.0,0.0,0.0,0.0,12.0,12.0,0.0,0.0,0.0,1.0,1.0,0.0,0.0,0.0,2015.282,2015.282,0.0,0.0,0.0,,,0.0,0.0,,183.207,151.042,237.602,0.5,102.424,,,0.0,0.0,
project_1083469_bot_85991a4c5d3ea1ea7bfdfd99a0ee859c,test,Bot,13,1,1.0,1,1.0,13.0,13.0,0.0,0.0,0.0,13.0,13.0,0.0,0.0,0.0,13.0,13.0,0.0,0.0,0.0,1.0,1.0,0.0,0.0,0.0,2017.012,2017.012,0.0,0.0,0.0,,,0.0,0.0,,168.084,167.995,2.382,0.005,0.039,,,0.0,0.0,
project_39683789_bot_dee396b4d99605ba9e4d730fbdf6bf09,test,Bot,6,2,1.0,1,1.0,6.0,6.0,0.0,0.0,0.0,3.0,3.0,2.828,0.333,2.0,6.0,6.0,0.0,0.0,0.0,2.0,2.0,0.0,0.0,0.0,0.685,0.685,0.0,0.0,0.0,,,0.0,0.0,,0.137,0.072,0.166,0.561,0.144,0.171,0.171,0.0,0.0,0.0
lilypond-bot,test,Bot,108,1,1.0,1,1.0,108.0,108.0,0.0,0.0,0.0,108.0,108.0,0.0,0.0,0.0,108.0,108.0,0.0,0.0,0.0,1.0,1.0,0.0,0.0,0.0,2130.313,2130.313,0.0,0.0,0.0,,,0.0,0.0,,19.909,6.171,30.463,0.689,31.121,,,0.0,0.0,
project_18899486_bot_e2d93076458c73e2ae2466ffe3add2a1,test,Bot,29,2,1.0,1,1.0,29.0,29.0,0.0,0.0,0.0,14.5,14.5,19.092,0.466,13.5,29.0,29.0,0.0,0.0,0.0,2.0,2.0,0.0,0.0,0.0,1324.139,1324.139,0.0,0.0,0.0,,,0.0,0.0,,47.291,12.887,78.843,0.706,44.871,0.026,0.026,0.0,0.0,0.0
cki-admin-bot,test,Bot,179,2,2.0,1,0.5,89.5,89.5,70.004,0.277,49.5,89.5,89.5,7.778,0.031,5.5,4.475,2.0,3.843,0.422,4.0,2.0,2.0,0.0,0.0,0.0,39.835,0.001,70.464,0.715,70.343,14.59,8.667,18.154,0.557,10.886,12.148,1.395,23.618,0.764,12.751,9.619,0.473,17.921,0.772,11.271
cki-bot,test,Bot,300,1,2.0,2,1.0,150.0,150.0,70.711,0.167,50.0,300.0,300.0,0.0,0.0,0.0,3.896,2.0,4.093,0.494,4.0,1.0,1.0,0.0,0.0,0.0,5.777,0.87,10.788,0.622,5.734,3.898,1.693,4.981,0.61,3.997,2.478,0.666,4.417,0.732,2.464,,,0.0,0.0,
cki-kwf-bot,test,Bot,75,3,4.0,2,0.5,18.75,19.5,14.198,0.363,13.75,25.0,13.0,31.749,0.533,30.0,1.415,1.0,0.819,0.234,1.0,1.75,2.0,0.5,0.107,0.25,0.108,0.0,0.312,0.547,0.019,0.259,0.084,0.417,0.683,0.207,0.26,0.084,0.415,0.678,0.248,0.249,0.168,0.282,0.517,0.192
cki-backport-bot,test,Bot,300,3,4.0,1,0.25,75.0,75.0,42.724,0.247,74.0,100.0,149.0,85.738,0.331,74.5,1.031,1.0,0.192,0.029,0.0,1.25,1.0,0.5,0.15,0.25,0.173,0.0,2.704,0.831,0.0,5.483,0.003,28.515,0.928,0.125,5.486,0.007,28.192,0.927,0.167,5.451,0.003,28.42,0.928,0.134
imagebuilder-bot,test,Bot,294,5,10.0,3,0.3,29.4,6.0,35.362,0.592,51.5,58.8,5.0,78.043,0.601,104.0,1.624,1.0,1.221,0.304,1.0,2.0,2.0,0.471,0.09,0.0,0.746,0.0,2.891,0.734,0.077,2.001,0.465,4.696,0.776,1.055,1.69,0.412,4.15,0.774,1.017,1.846,0.532,4.294,0.745,0.919
tikibot,test,Bot,297,2,3.0,2,0.667,99.0,16.0,145.496,0.568,126.5,148.5,148.5,188.798,0.449,133.5,7.071,2.0,10.05,0.617,7.0,1.667,2.0,0.577,0.133,0.5,37.373,1.866,59.919,0.599,58.149,7.327,5.448,7.808,0.527,6.278,6.318,3.08,8.762,0.599,6.825,8.888,1.79,15.061,0.706,11.46
cki-ci-bot,test,Bot,245,5,8.0,3,0.375,30.625,21.5,31.218,0.522,46.25,49.0,53.0,37.37,0.367,35.0,2.356,2.0,2.512,0.418,2.0,2.375,2.0,1.506,0.322,2.25,0.82,0.002,2.507,0.794,0.176,2.825,0.735,5.36,0.737,2.985,1.542,0.018,3.998,0.84,0.97,1.398,0.002,4.207,0.881,0.375
cki-ark-bot,test,Bot,253,4,1.0,1,1.0,253.0,253.0,0.0,0.0,0.0,63.25,36.5,71.332,0.489,63.25,253.0,253.0,0.0,0.0,0.0,4.0,4.0,0.0,0.0,0.0,1320.885,1320.885,0.0,0.0,0.0,,,0.0,0.0,,5.242,0.001,10.001,0.78,0.911,0.978,0.001,5.237,0.957,0.0
service_account_group_59800588_5b856dc377465a1db9d1212fddf584f3,test,Bot,255,5,18.0,5,0.278,14.167,1.5,42.896,0.811,6.0,51.0,54.0,39.919,0.38,48.0,2.237,1.0,2.756,0.454,1.0,2.167,1.5,1.465,0.343,2.0,4.421,0.0,17.064,0.794,0.001,3.641,0.001,11.655,0.894,0.001,3.604,0.001,12.467,0.913,0.001,7.247,0.001,17.079,0.832,0.003
html-validate-bot,test,Bot,300,5,25.0,1,0.04,12.0,8.0,11.269,0.382,7.0,60.0,3.0,83.12,0.629,114.0,2.632,2.0,1.947,0.328,2.0,2.16,2.0,0.554,0.068,0.0,0.028,0.001,0.195,0.874,0.01,0.266,0.014,1.646,0.924,0.021,0.111,0.009,1.019,0.935,0.014,0.048,0.006,0.209,0.901,0.011
project_65271576_bot_b1536fd80e97ecd45130660fde570b1f,test,Bot,23,2,1.0,1,1.0,23.0,23.0,0.0,0.0,0.0,11.5,11.5,14.849,0.457,10.5,23.0,23.0,0.0,0.0,0.0,2.0,2.0,0.0,0.0,0.0,971.606,971.606,0.0,0.0,0.0,,,0.0,0.0,,44.164,8.996,63.261,0.67,67.125,26.657,26.657,0.0,0.0,0.0
project_22820629_bot_cbc9e007e1c4005d5d848f10a895abd1,test,Bot,25,2,1.0,1,1.0,25.0,25.0,0.0,0.0,0.0,12.5,12.5,10.607,0.3,7.5,25.0,25.0,0.0,0.0,0.0,2.0,2.0,0.0,0.0,0.0,1586.659,1586.659,0.0,0.0,0.0,,,0.0,0.0,,66.111,6.883,105.6,0.728,98.473,73.34,26.554,104.624,0.662,117.879
sahbot,test,Bot,289,3,77.0,16,0.208,3.753,2.0,3.171,0.386,2.0,96.333,142.0,82.585,0.334,72.5,1.46,1.0,0.566,0.188,1.0,1.909,2.0,0.332,0.055,0.0,0.106,0.0,1.396,0.968,0.0,1.291,0.036,4.565,0.867,0.498,0.956,0.017,3.929,0.9,0.231,1.072,0.018,4.417,0.909,0.244
group_6326218_bot_9d9ca8037e956312eed263446ba87e1a,test,Bot,171,2,24.0,6,0.25,7.125,1.5,23.285,0.764,2.0,85.5,85.5,33.234,0.137,23.5,3.638,1.0,9.613,0.632,2.0,1.208,1.0,0.415,0.136,0.0,17.189,0.0,75.322,0.846,0.124,6.437,5.827,6.149,0.522,10.5,6.494,0.897,8.718,0.671,11.605,3.649,0.003,6.954,0.791,3.591
tbc-bot,test,Bot,251,7,31.0,3,0.097,8.097,8.0,6.426,0.384,7.0,35.857,36.0,20.4,0.297,24.0,1.976,1.0,1.858,0.379,1.0,3.387,4.0,1.383,0.218,1.0,0.065,0.0,0.639,0.966,0.001,3.3,0.011,12.314,0.924,0.028,1.696,0.002,8.886,0.955,0.012,1.303,0.002,6.245,0.954,0.008
project_13831684_bot_f32bbd5a1ce2999593a10380eaf8557a,test,Bot,95,2,1.0,1,1.0,95.0,95.0,0.0,0.0,0.0,47.5,47.5,65.761,0.489,46.5,95.0,95.0,0.0,0.0,0.0,2.0,2.0,0.0,0.0,0.0,1549.995,1549.995,0.0,0.0,0.0,,,0.0,0.0,,16.489,3.684,30.916,0.733,17.414,1.355,1.355,0.0,0.0,0.0
group_7003188_bot_4f0a14a1ffaa54b5c9253655dcc3aa8d,test,Bot,98,3,7.0,2,0.286,14.0,14.0,11.576,0.429,16.5,32.667,1.0,54.848,0.646,47.5,2.882,1.0,5.002,0.548,1.0,1.143,1.0,0.378,0.107,0.0,23.522,0.0,61.505,0.685,1.391,39.239,6.858,63.386,0.712,27.826,21.594,0.976,45.946,0.809,20.228,52.317,11.443,90.017,0.593,63.616
group_7003188_bot_1c43791bfaf6fa383edb61b41b542d37,test,Bot,89,4,8.0,3,0.375,11.125,10.5,6.686,0.31,7.5,22.25,17.0,18.099,0.368,16.25,4.684,4.0,2.75,0.324,4.0,2.5,2.5,0.926,0.188,1.0,28.009,0.002,84.833,0.877,0.077,85.3,19.715,125.593,0.683,147.903,23.495,0.0,74.323,0.879,0.019,20.867,0.001,70.286,0.904,0.043
project_12547113_bot_b8224086cb676225f2e4ef4aa7bab4be,test,Bot,124,2,1.0,1,1.0,124.0,124.0,0.0,0.0,0.0,62.0,62.0,86.267,0.492,61.0,124.0,124.0,0.0,0.0,0.0,2.0,2.0,0.0,0.0,0.0,1454.082,1454.082,0.0,0.0,0.0,,,0.0,0.0,,11.822,4.286,19.846,0.679,15.819,8.957,8.957,0.0,0.0,0.0
project_12547113_bot_449d35270874b50867c0421ccdb3dbfd,test,Bot,63,1,1.0,1,1.0,63.0,63.0,0.0,0.0,0.0,63.0,63.0,0.0,0.0,0.0,63.0,63.0,0.0,0.0,0.0,1.0,1.0,0.0,0.0,0.0,175.325,175.325,0.0,0.0,0.0,,,0.0,0.0,,2.828,0.513,6.453,0.785,1.725,,,0.0,0.0,
project_12547113_bot_dd3f8407827b3a2117a9443742505cff,test,Bot,60,3,1.0,1,1.0,60.0,60.0,0.0,0.0,0.0,20.0,29.0,16.462,0.322,14.5,60.0,60.0,0.0,0.0,0.0,3.0,3.0,0.0,0.0,0.0,1413.431,1413.431,0.0,0.0,0.0,,,0.0,0.0,,23.956,0.001,53.07,0.833,1.681,22.249,0.001,51.431,0.846,0.006
project_37860711_bot_d42bd95d96d7c144d5c27aa7b9707c28,test,Bot,9,2,1.0,1,1.0,9.0,9.0,0.0,0.0,0.0,4.5,4.5,4.95,0.389,3.5,9.0,9.0,0.0,0.0,0.0,2.0,2.0,0.0,0.0,0.0,1923.32,1923.32,0.0,0.0,0.0,,,0.0,0.0,,240.415,325.095,167.043,0.349,275.718,88.761,88.761,0.0,0.0,0.0
project_37860711_bot_f160792279140129f8d274a55325322c,test,Bot,8,2,1.0,1,1.0,8.0,8.0,0.0,0.0,0.0,4.0,4.0,4.243,0.375,3.0,8.0,8.0,0.0,0.0,0.0,2.0,2.0,0.0,0.0,0.0,1923.264,1923.264,0.0,0.0,0.0,,,0.0,0.0,,274.752,336.185,147.531,0.257,151.222,88.721,88.721,0.0,0.0,0.0
project_32950782_bot_676e94dbaba63ca2192d97337d2ec2ad,test,Bot,131,2,1.0,1,1.0,131.0,131.0,0.0,0.0,0.0,65.5,65.5,91.217,0.492,64.5,131.0,131.0,0.0,0.0,0.0,2.0,2.0,0.0,0.0,0.0,1334.834,1334.834,0.0,0.0,0.0,,,0.0,0.0,,10.268,2.487,29.255,0.777,6.073,0.628,0.628,0.0,0.0,0.0
project_1641463_bot_a011c902ee78fa1607870cd59eb1d454,test,Bot,51,1,1.0,1,1.0,51.0,51.0,0.0,0.0,0.0,51.0,51.0,0.0,0.0,0.0,51.0,51.0,0.0,0.0,0.0,1.0,1.0,0.0,0.0,0.0,1871.969,1871.969,0.0,0.0,0.0,,,0.0,0.0,,37.439,0.001,71.781,0.765,48.0,,,0.0,0.0,
rybot,test,Bot,165,1,1.0,1,1.0,165.0,165.0,0.0,0.0,0.0,165.0,165.0,0.0,0.0,0.0,165.0,165.0,0.0,0.0,0.0,1.0,1.0,0.0,0.0,0.0,2173.821,2173.821,0.0,0.0,0.0,,,0.0,0.0,,13.255,10.321,15.397,0.455,14.815,,,0.0,0.0,
group_2452873_bot_c753d848f7cfc2edc234301f571b4d3c,test,Bot,172,1,17.0,1,0.059,10.118,5.0,11.672,0.553,10.0,172.0,172.0,0.0,0.0,0.0,1.354,1.0,0.841,0.221,0.0,1.0,1.0,0.0,0.0,0.0,2.583,0.0,8.876,0.61,0.0,14.683,6.437,20.277,0.615,12.121,12.737,5.38,18.427,0.633,11.096,,,0.0,0.0,
project_39903947_bot_7ec79239d246a8e5d3c811a7cddba44e,test,Bot,75,2,1.0,1,1.0,75.0,75.0,0.0,0.0,0.0,37.5,37.5,51.619,0.487,36.5,75.0,75.0,0.0,0.0,0.0,2.0,2.0,0.0,0.0,0.0,302.943,302.943,0.0,0.0,0.0,,,0.0,0.0,,4.094,0.611,10.23,0.802,3.602,0.049,0.049,0.0,0.0,0.0
project_42451983_bot_3634f85b729cc615f28b2c5c006d7c60,test,Bot,61,1,1.0,1,1.0,61.0,61.0,0.0,0.0,0.0,61.0,61.0,0.0,0.0,0.0,61.0,61.0,0.0,0.0,0.0,1.0,1.0,0.0,0.0,0.0,2157.715,2157.715,0.0,0.0,0.0,,,0.0,0.0,,35.962,24.0,68.843,0.33,1.003,,,0.0,0.0,
service_account_group_59800588_0f6fd8e977a6c86f7522a46f254943dc,test,Bot,205,5,40.0,5,0.125,5.125,3.0,5.525,0.376,2.0,41.0,48.0,25.02,0.297,30.0,1.83,1.0,1.755,0.312,1.0,3.125,3.0,0.607,0.077,0.0,0.056,0.0,0.322,0.934,0.001,0.792,0.005,5.098,0.954,0.018,0.462,0.003,3.778,0.966,0.008,0.554,0.002,4.184,0.965,0.007
group_65781592_bot_10f9b39957a4fffd40f0e0274ab938c4,test,Bot,93,4,2.0,1,0.5,46.5,46.5,17.678,0.134,12.5,23.25,22.0,19.068,0.395,20.25,2.325,2.0,1.913,0.363,1.25,4.0,4.0,0.0,0.0,0.0,5.412,0.002,26.662,0.919,0.016,35.031,0.04,64.565,0.784,21.492,17.203,0.017,47.78,0.891,0.146,12.399,0.014,43.214,0.923,0.036
project_44832549_bot_03f92d37326c887e2c4cbab93b88fd96,test,Bot,106,5,1.0,1,1.0,106.0,106.0,0.0,0.0,0.0,21.2,5.0,31.847,0.623,13.0,106.0,106.0,0.0,0.0,0.0,5.0,5.0,0.0,0.0,0.0,991.979,991.979,0.0,0.0,0.0,,,0.0,0.0,,9.447,0.0,53.616,0.874,0.0,39.679,0.0,105.864,0.839,0.001
vls-bot,test,Bot,19,1,1.0,1,1.0,19.0,19.0,0.0,0.0,0.0,19.0,19.0,0.0,0.0,0.0,19.0,19.0,0.0,0.0,0.0,1.0,1.0,0.0,0.0,0.0,2010.516,2010.516,0.0,0.0,0.0,,,0.0,0.0,,111.695,41.226,133.35,0.576,144.852,,,0.0,0.0,
project_46519181_bot_4fb290001473e8da9660b5693528052a,test,Bot,287,1,1.0,1,1.0,287.0,287.0,0.0,0.0,0.0,287.0,287.0,0.0,0.0,0.0,287.0,287.0,0.0,0.0,0.0,1.0,1.0,0.0,0.0,0.0,2179.55,2179.55,0.0,0.0,0.0,,,0.0,0.0,,7.621,2.586,17.403,0.719,6.647,,,0.0,0.0,
group_11547342_bot_2109d40483336b6cd2bb1c570aedb817,test,Bot,252,3,16.0,1,0.062,15.75,17.0,5.273,0.178,6.25,84.0,48.0,63.222,0.291,55.0,1.392,1.0,0.573,0.191,1.0,2.688,3.0,0.704,0.097,0.0,0.026,0.0,0.093,0.793,0.001,0.628,0.155,1.989,0.801,0.199,0.469,0.111,1.703,0.826,0.203,0.276,0.088,0.846,0.791,0.2
lkft-bot,test,Bot,190,3,6.0,4,0.667,31.667,37.5,22.598,0.356,29.0,63.333,43.0,71.696,0.488,69.5,2.043,2.0,1.525,0.335,2.0,2.333,2.5,0.816,0.167,1.0,3.612,0.001,10.944,0.804,0.594,4.757,2.356,5.655,0.62,8.355,4.093,0.649,6.807,0.722,5.334,1.862,0.044,3.618,0.805,1.727
project_19168116_bot_16862f3c25076feb1242be2daf5fd0c5,test,Bot,32,2,1.0,1,1.0,32.0,32.0,0.0,0.0,0.0,16.0,16.0,4.243,0.094,3.0,32.0,32.0,0.0,0.0,0.0,2.0,2.0,0.0,0.0,0.0,2064.01,2064.01,0.0,0.0,0.0,,,0.0,0.0,,66.581,23.996,139.353,0.764,48.006,44.307,11.995,122.506,0.803,24.0
project_19168116_bot_01c4d50f7f8a8c70cda8a2058024838c,test,Bot,220,1,1.0,1,1.0,220.0,220.0,0.0,0.0,0.0,220.0,220.0,0.0,0.0,0.0,220.0,220.0,0.0,0.0,0.0,1.0,1.0,0.0,0.0,0.0,2175.559,2175.559,0.0,0.0,0.0,,,0.0,0.0,,9.934,3.243,17.992,0.697,9.198,,,0.0,0.0,
project_17599543_bot_e4d0a07ae8cb8ab4d58d027b57caa5e1,test,Bot,298,1,1.0,1,1.0,298.0,298.0,0.0,0.0,0.0,298.0,298.0,0.0,0.0,0.0,298.0,298.0,0.0,0.0,0.0,1.0,1.0,0.0,0.0,0.0,987.382,987.382,0.0,0.0,0.0,,,0.0,0.0,,3.325,0.003,9.089,0.868,1.322,,,0.0,0.0,
project_17599543_bot_301fc5196d400b4b3e94832c66c6619e,test,Bot,135,1,1.0,1,1.0,135.0,135.0,0.0,0.0,0.0,135.0,135.0,0.0,0.0,0.0,135.0,135.0,0.0,0.0,0.0,1.0,1.0,0.0,0.0,0.0,81.271,81.271,0.0,0.0,0.0,,,0.0,0.0,,0.606,0.016,3.056,0.94,0.062,,,0.0,0.0,
group_2750817_bot_7524e552e4fd2f2808784981efe6a190,test,Bot,153,3,6.0,1,0.167,25.5,24.5,2.95,0.056,5.25,51.0,47.0,6.928,0.052,6.0,1.912,2.0,0.944,0.263,2.0,3.0,3.0,0.0,0.0,0.0,7.291,0.0,59.733,0.972,0.002,10.452,0.002,42.067,0.899,3.614,9.27,0.001,52.722,0.952,0.072,6.55,0.001,34.276,0.943,0.092
project_27428957_bot_9295a4e20b10f069c424738f9a676c7e,test,Bot,5,1,1.0,1,1.0,5.0,5.0,0.0,0.0,0.0,5.0,5.0,0.0,0.0,0.0,5.0,5.0,0.0,0.0,0.0,1.0,1.0,0.0,0.0,0.0,1703.231,1703.231,0.0,0.0,0.0,,,0.0,0.0,,425.808,350.296,269.149,0.289,307.921,,,0.0,0.0,
tuxedo_bot,test,Bot,134,2,2.0,1,0.5,67.0,67.0,26.87,0.142,19.0,67.0,67.0,0.0,0.0,0.0,4.188,2.0,4.2,0.397,2.0,2.0,2.0,0.0,0.0,0.0,17.006,0.001,58.663,0.907,3.105,48.734,4.336,128.969,0.826,15.741,15.451,0.002,67.618,0.914,3.405,15.796,0.001,71.329,0.924,3.27
sosy-bot,test,Bot,293,5,5.0,2,0.4,58.6,51.0,52.204,0.43,101.0,58.6,4.0,113.057,0.74,24.0,2.817,2.0,2.925,0.462,2.0,2.2,2.0,1.304,0.291,2.0,7.646,0.002,19.11,0.707,3.408,5.868,3.42,7.44,0.571,5.837,4.793,1.294,8.175,0.71,5.03,5.511,1.308,9.391,0.72,5.031
project_44042130_bot_6a748251ed338313e01f6ff147fd9943,test,Bot,7,2,1.0,1,1.0,7.0,7.0,0.0,0.0,0.0,3.5,3.5,0.707,0.071,0.5,7.0,7.0,0.0,0.0,0.0,2.0,2.0,0.0,0.0,0.0,653.882,653.882,0.0,0.0,0.0,,,0.0,0.0,,108.98,28.418,203.458,0.72,56.13,296.8,296.8,316.731,0.377,223.963
project_32123684_bot_be425336386caa73c30c0e9c056321b8,test,Bot,31,1,1.0,1,1.0,31.0,31.0,0.0,0.0,0.0,31.0,31.0,0.0,0.0,0.0,31.0,31.0,0.0,0.0,0.0,1.0,1.0,0.0,0.0,0.0,2055.742,2055.742,0.0,0.0,0.0,,,0.0,0.0,,68.525,40.8,70.083,0.549,146.789,,,0.0,0.0,
ecg_cicd_readonly,test,Bot,51,1,2.0,2,1.0,25.5,25.5,13.435,0.186,9.5,51.0,51.0,0.0,0.0,0.0,8.5,7.0,7.583,0.448,9.25,1.0,1.0,0.0,0.0,0.0,279.977,36.987,406.623,0.581,593.535,37.002,20.051,34.266,0.439,58.673,37.297,0.003,129.787,0.899,16.08,,,0.0,0.0,
ecg_cicd,test,Bot,266,4,5.0,3,0.6,53.2,24.0,87.308,0.654,25.0,66.5,73.5,44.755,0.316,62.0,5.783,2.0,12.989,0.673,3.75,3.4,3.0,0.548,0.071,1.0,12.021,0.001,50.784,0.889,0.032,7.978,0.003,18.76,0.838,0.023,3.442,0.001,10.701,0.901,0.002,3.661,0.001,11.371,0.898,0.002
group_67740146_bot_7c548ecafb02767811ea1226de16525a,test,Bot,293,6,2.0,1,0.5,146.5,146.5,130.815,0.316,92.5,48.833,40.5,51.456,0.516,78.0,8.371,4.0,11.123,0.561,6.5,5.0,5.0,1.414,0.1,1.0,21.176,0.026,39.282,0.758,24.013,12.575,7.001,16.609,0.608,15.801,4.002,0.006,12.117,0.892,0.039,4.326,0.002,12.999,0.89,0.031
goldenbot,test,Bot,288,6,37.0,6,0.162,7.784,5.0,6.201,0.426,9.0,48.0,31.0,63.482,0.603,55.5,1.986,2.0,1.889,0.337,1.0,2.757,3.0,0.895,0.141,0.0,0.054,0.001,0.26,0.904,0.003,1.595,0.085,4.299,0.865,0.34,0.828,0.018,3.139,0.919,0.145,0.946,0.014,3.654,0.927,0.144
project_18741849_bot_0043dba7678c07339a15902cd5914876,test,Bot,35,1,1.0,1,1.0,35.0,35.0,0.0,0.0,0.0,35.0,35.0,0.0,0.0,0.0,35.0,35.0,0.0,0.0,0.0,1.0,1.0,0.0,0.0,0.0,1845.042,1845.042,0.0,0.0,0.0,,,0.0,0.0,,54.266,0.319,102.78,0.794,80.821,,,0.0,0.0,
project_13284652_bot_2543ca0eba500916f6eda618379f4d80,test,Bot,190,1,1.0,1,1.0,190.0,190.0,0.0,0.0,0.0,190.0,190.0,0.0,0.0,0.0,190.0,190.0,0.0,0.0,0.0,1.0,1.0,0.0,0.0,0.0,704.583,704.583,0.0,0.0,0.0,,,0.0,0.0,,3.728,1.664,7.05,0.656,3.937,,,0.0,0.0,
project_56933558_bot_36e281ee2e14cd7a0f83ceda95b5ba16,test,Bot,55,1,1.0,1,1.0,55.0,55.0,0.0,0.0,0.0,55.0,55.0,0.0,0.0,0.0,55.0,55.0,0.0,0.0,0.0,1.0,1.0,0.0,0.0,0.0,1929.821,1929.821,0.0,0.0,0.0,,,0.0,0.0,,35.737,14.999,47.274,0.636,64.193,,,0.0,0.0,
group_53986711_bot_92822790c8858b5599712ccf944c70dd,test,Bot,41,3,12.0,3,0.25,3.417,3.0,1.929,0.262,0.25,13.667,12.0,2.887,0.081,2.5,2.412,3.0,0.939,0.172,2.0,2.667,3.0,0.778,0.104,0.0,0.001,0.001,0.001,0.324,0.001,119.829,49.67,146.466,0.62,187.003,47.932,0.001,108.56,0.84,17.438,38.896,0.001,98.747,0.868,0.004
project_20709159_bot_634d0086ed2e482c9e4a46885aee794a,test,Bot,6,2,1.0,1,1.0,6.0,6.0,0.0,0.0,0.0,3.0,3.0,2.828,0.333,2.0,6.0,6.0,0.0,0.0,0.0,2.0,2.0,0.0,0.0,0.0,1212.711,1212.711,0.0,0.0,0.0,,,0.0,0.0,,242.542,169.74,293.208,0.574,328.1,706.258,706.258,0.0,0.0,0.0
project_20709159_bot_50ab284ad923fb28343eefc783ba3bf4,test,Bot,254,4,1.0,1,1.0,254.0,254.0,0.0,0.0,0.0,63.5,20.0,101.264,0.663,81.5,254.0,254.0,0.0,0.0,0.0,4.0,4.0,0.0,0.0,0.0,1452.549,1452.549,0.0,0.0,0.0,,,0.0,0.0,,5.741,0.003,21.983,0.919,0.011,12.851,0.02,34.447,0.836,21.93
project_21078483_bot_1f7939d3e07a4ef6b7006929794a7700,test,Bot,23,2,1.0,1,1.0,23.0,23.0,0.0,0.0,0.0,11.5,11.5,14.849,0.457,10.5,23.0,23.0,0.0,0.0,0.0,2.0,2.0,0.0,0.0,0.0,1445.989,1445.989,0.0,0.0,0.0,,,0.0,0.0,,65.727,10.351,116.845,0.736,83.155,14.715,14.715,0.0,0.0,0.0
dsi11,test,Bot,297,8,5.0,2,0.4,59.4,40.0,50.978,0.384,21.0,37.125,35.0,39.848,0.5,36.75,3.857,2.0,4.85,0.528,3.0,4.0,4.0,2.121,0.26,3.0,1.553,0.006,4.504,0.838,0.017,4.112,0.043,7.325,0.78,4.769,1.46,0.004,4.584,0.896,0.024,2.098,0.002,5.348,0.866,0.042
titouan-joseph,test,Human,173,8,6.0,2,0.333,28.833,12.0,44.799,0.656,25.25,21.625,11.5,29.042,0.596,25.75,6.179,2.0,11.431,0.629,4.25,3.333,3.0,2.422,0.367,3.5,4.7,0.355,9.721,0.708,4.055,4.564,2.017,5.859,0.627,6.417,1.482,0.071,3.573,0.841,0.6,1.023,0.069,2.941,0.864,0.3
project_32123952_bot_30cbdeb6c55c6ebb7cd1b28fb6153def,test,Bot,300,2,1.0,1,1.0,300.0,300.0,0.0,0.0,0.0,150.0,150.0,128.693,0.303,91.0,300.0,300.0,0.0,0.0,0.0,2.0,2.0,0.0,0.0,0.0,459.61,459.61,0.0,0.0,0.0,,,0.0,0.0,,1.537,0.621,2.44,0.686,2.022,1.641,0.769,2.228,0.577,1.481
project_32123952_bot_4098d754e27bdeda9d8a8114f24ddb16,test,Bot,53,1,1.0,1,1.0,53.0,53.0,0.0,0.0,0.0,53.0,53.0,0.0,0.0,0.0,53.0,53.0,0.0,0.0,0.0,1.0,1.0,0.0,0.0,0.0,2113.005,2113.005,0.0,0.0,0.0,,,0.0,0.0,,40.635,0.002,94.767,0.849,23.997,,,0.0,0.0,
project_32123952_bot_c403d0e43bc93e2f7011a6ffa3865002,test,Bot,6,2,1.0,1,1.0,6.0,6.0,0.0,0.0,0.0,3.0,3.0,0.0,0.0,0.0,6.0,6.0,0.0,0.0,0.0,2.0,2.0,0.0,0.0,0.0,1464.001,1464.001,0.0,0.0,0.0,,,0.0,0.0,,292.8,0.0,401.023,0.008,720.0,292.8,0.0,401.023,0.008,720.0
project_32123952_bot_a21e07eef6c0ecb53725926f82c6965a,test,Bot,13,1,1.0,1,1.0,13.0,13.0,0.0,0.0,0.0,13.0,13.0,0.0,0.0,0.0,13.0,13.0,0.0,0.0,0.0,1.0,1.0,0.0,0.0,0.0,1767.359,1767.359,0.0,0.0,0.0,,,0.0,0.0,,147.28,66.529,180.549,0.565,153.183,,,0.0,0.0,
miabbott,test,Human,29,8,7.0,4,0.571,4.143,3.0,3.237,0.335,1.0,3.625,3.5,2.2,0.306,2.25,1.706,1.0,1.724,0.345,1.0,2.286,3.0,0.951,0.196,1.5,16.742,0.0,62.567,0.76,0.003,91.734,1.975,140.991,0.713,128.174,62.584,0.373,120.269,0.8,63.172,73.42,0.14,135.88,0.786,87.535
group_7286989_bot_878321f63c336c0a0060dfeab8305e9d,test,Bot,292,5,7.0,2,0.286,41.714,39.0,9.123,0.114,13.0,58.4,44.0,66.729,0.51,44.0,3.65,3.0,3.073,0.344,2.0,4.143,4.0,0.9,0.108,1.5,1.826,0.012,13.644,0.976,0.015,4.257,0.921,8.968,0.787,1.861,1.658,0.006,7.717,0.938,0.013,1.757,0.001,8.825,0.948,0.009
failfastci-bot,test,Bot,44,3,1.0,1,1.0,44.0,44.0,0.0,0.0,0.0,14.667,9.0,16.258,0.47,15.5,44.0,44.0,0.0,0.0,0.0,3.0,3.0,0.0,0.0,0.0,2145.705,2145.705,0.0,0.0,0.0,,,0.0,0.0,,49.9,13.814,72.687,0.659,57.784,64.921,61.79,55.373,0.464,103.656
k8s-kargo-ci-robot,test,Bot,299,2,1.0,1,1.0,299.0,299.0,0.0,0.0,0.0,149.5,149.5,85.56,0.202,60.5,299.0,299.0,0.0,0.0,0.0,2.0,2.0,0.0,0.0,0.0,1182.922,1182.922,0.0,0.0,0.0,,,0.0,0.0,,3.97,0.666,8.735,0.775,3.376,4.462,1.047,7.354,0.713,5.19
jamietanna_bot,test,Bot,160,6,48.0,5,0.104,3.333,1.0,5.329,0.589,1.0,26.667,15.5,35.97,0.604,27.5,2.105,1.0,2.549,0.443,1.0,1.396,1.0,0.818,0.234,0.0,2.189,0.0,12.102,0.889,0.001,5.828,0.012,16.602,0.884,0.928,3.795,0.006,13.884,0.919,0.181,1.656,0.001,10.912,0.969,0.017
yaook-renovate-bot,test,Bot,299,5,48.0,4,0.083,6.229,3.0,11.436,0.57,3.5,59.8,64.0,60.085,0.476,54.0,1.689,1.0,1.305,0.28,1.0,2.354,2.0,0.812,0.18,1.0,1.817,0.0,7.903,0.886,0.001,1.764,0.085,4.098,0.808,1.885,2.121,0.053,4.629,0.809,1.999,0.573,0.003,1.934,0.908,0.041
project_29738620_bot_e5ded9ada0ddfda09e1d749a2ec15eb8,test,Bot,228,2,1.0,1,1.0,228.0,228.0,0.0,0.0,0.0,114.0,114.0,140.007,0.434,99.0,228.0,228.0,0.0,0.0,0.0,2.0,2.0,0.0,0.0,0.0,2165.721,2165.721,0.0,0.0,0.0,,,0.0,0.0,,9.541,1.067,20.292,0.782,9.718,4.764,0.615,7.645,0.704,6.611
group_8953118_bot_e3cba6a87199141e5bcaf75a0bd9a4df,test,Bot,212,4,30.0,2,0.067,7.067,4.0,18.243,0.609,3.0,53.0,30.5,69.142,0.585,78.0,1.606,1.0,2.254,0.35,0.0,1.1,1.0,0.548,0.088,0.0,9.578,0.0,41.598,0.665,0.0,6.857,0.177,16.576,0.837,3.702,10.249,0.993,21.992,0.798,11.723,17.037,9.882,26.507,0.654,16.741
project_14477200_bot_71bd2c8d7342ab2c19f9cbd1740ce739,test,Bot,20,2,1.0,1,1.0,20.0,20.0,0.0,0.0,0.0,10.0,10.0,12.728,0.45,9.0,20.0,20.0,0.0,0.0,0.0,2.0,2.0,0.0,0.0,0.0,1668.354,1668.354,0.0,0.0,0.0,,,0.0,0.0,,87.808,61.898,81.698,0.502,118.322,0.268,0.268,0.0,0.0,0.0
project_59518842_bot_53fa81a4d2037c5486d475f7e48451a8,test,Bot,61,5,1.0,1,1.0,61.0,61.0,0.0,0.0,0.0,12.2,13.0,7.981,0.328,10.0,61.0,61.0,0.0,0.0,0.0,5.0,5.0,0.0,0.0,0.0,2092.013,2092.013,0.0,0.0,0.0,,,0.0,0.0,,34.867,0.049,65.478,0.795,33.031,12.978,0.002,36.223,0.888,1.286
project_59518842_bot_03d2aa2168e40ca1748fe8bff82b58f2,test,Bot,19,3,1.0,1,1.0,19.0,19.0,0.0,0.0,0.0,6.333,9.0,4.619,0.281,4.0,19.0,19.0,0.0,0.0,0.0,3.0,3.0,0.0,0.0,0.0,1969.868,1969.868,0.0,0.0,0.0,,,0.0,0.0,,109.437,0.117,254.041,0.838,63.684,109.437,0.117,254.041,0.838,63.684
project_12674929_bot_df7417e5bef6697b7799d3027a351f72,test,Bot,54,1,1.0,1,1.0,54.0,54.0,0.0,0.0,0.0,54.0,54.0,0.0,0.0,0.0,54.0,54.0,0.0,0.0,0.0,1.0,1.0,0.0,0.0,0.0,2169.138,2169.138,0.0,0.0,0.0,,,0.0,0.0,,40.927,6.06,83.09,0.751,40.201,,,0.0,0.0,
project_62674588_bot_a9382389da038ea1871e03a3b34bb28b,test,Bot,87,1,1.0,1,1.0,87.0,87.0,0.0,0.0,0.0,87.0,87.0,0.0,0.0,0.0,87.0,87.0,0.0,0.0,0.0,1.0,1.0,0.0,0.0,0.0,2084.91,2084.91,0.0,0.0,0.0,,,0.0,0.0,,24.243,6.237,53.568,0.743,15.837,,,0.0,0.0,
project_57279821_bot_612687838eb0b5a47cc060f5586e4afa,test,Bot,16,2,1.0,1,1.0,16.0,16.0,0.0,0.0,0.0,8.0,8.0,0.0,0.0,0.0,16.0,16.0,0.0,0.0,0.0,2.0,2.0,0.0,0.0,0.0,1992.919,1992.919,0.0,0.0,0.0,,,0.0,0.0,,132.861,0.001,289.806,0.806,104.006,132.861,0.001,289.806,0.806,104.006
project_15223829_bot_0b840da1600e38277ed79aebb54bb369,test,Bot,94,1,1.0,1,1.0,94.0,94.0,0.0,0.0,0.0,94.0,94.0,0.0,0.0,0.0,94.0,94.0,0.0,0.0,0.0,1.0,1.0,0.0,0.0,0.0,2168.39,2168.39,0.0,0.0,0.0,,,0.0,0.0,,23.316,8.951,48.259,0.693,21.716,,,0.0,0.0,
project_56726842_bot_f54ca228562b5113175876912010e603,test,Bot,47,2,1.0,1,1.0,47.0,47.0,0.0,0.0,0.0,23.5,23.5,31.82,0.479,22.5,47.0,47.0,0.0,0.0,0.0,2.0,2.0,0.0,0.0,0.0,1456.545,1456.545,0.0,0.0,0.0,,,0.0,0.0,,31.664,4.402,45.306,0.682,52.513,54.019,54.019,0.0,0.0,0.0
project_56726842_bot_75e4edc3c1e87d0b7fdc102148595550,test,Bot,130,5,1.0,1,1.0,130.0,130.0,0.0,0.0,0.0,26.0,34.0,18.507,0.345,28.0,130.0,130.0,0.0,0.0,0.0,5.0,5.0,0.0,0.0,0.0,1398.022,1398.022,0.0,0.0,0.0,,,0.0,0.0,,10.837,0.002,25.899,0.848,0.737,13.637,0.001,29.977,0.824,0.487
project_21051488_bot_786dc808bdcfe3ff0dad82ffe2aa8973,test,Bot,10,1,1.0,1,1.0,10.0,10.0,0.0,0.0,0.0,10.0,10.0,0.0,0.0,0.0,10.0,10.0,0.0,0.0,0.0,1.0,1.0,0.0,0.0,0.0,96.559,96.559,0.0,0.0,0.0,,,0.0,0.0,,10.729,0.008,24.139,0.82,4.819,,,0.0,0.0,
particify-dependency-bot,test,Bot,290,5,2.0,1,0.5,145.0,145.0,66.468,0.162,47.0,58.0,18.0,67.346,0.53,124.0,5.686,3.0,13.281,0.55,2.5,4.0,4.0,1.414,0.125,1.0,15.122,0.008,71.819,0.938,0.016,14.508,0.492,40.21,0.839,20.823,5.179,0.01,18.66,0.876,0.988,5.358,0.009,20.767,0.894,0.984
project_59366820_bot_578383fee65d6eb47c3bc444f76e3c51,test,Bot,120,1,1.0,1,1.0,120.0,120.0,0.0,0.0,0.0,120.0,120.0,0.0,0.0,0.0,120.0,120.0,0.0,0.0,0.0,1.0,1.0,0.0,0.0,0.0,2167.581,2167.581,0.0,0.0,0.0,,,0.0,0.0,,18.215,10.269,25.374,0.624,18.704,,,0.0,0.0,
kubitus-bot,test,Bot,199,6,18.0,4,0.222,11.056,6.0,11.133,0.443,9.0,33.167,31.0,32.499,0.48,58.25,2.926,2.0,5.554,0.478,2.0,3.444,3.0,0.616,0.084,1.0,0.401,0.001,2.916,0.962,0.007,1.846,0.007,4.318,0.846,0.699,0.762,0.003,3.124,0.942,0.008,0.83,0.003,3.319,0.94,0.008
group_12101187_bot_72d7a63cda3920e16501d43a25579901,test,Bot,7,1,7.0,2,0.286,1.0,1.0,0.0,0.0,0.0,7.0,7.0,0.0,0.0,0.0,1.0,1.0,0.0,0.0,0.0,1.0,1.0,0.0,0.0,0.0,0.0,0.0,0.0,0.0,0.0,333.011,214.278,354.419,0.525,532.263,333.011,214.278,354.419,0.525,532.263,,,0.0,0.0,
group_8068961_bot_7dd75cdbb46de43e30b5b4d7cd1d9e49,test,Bot,227,5,1.0,1,1.0,227.0,227.0,0.0,0.0,0.0,45.4,40.0,36.74,0.365,3.0,227.0,227.0,0.0,0.0,0.0,5.0,5.0,0.0,0.0,0.0,911.996,911.996,0.0,0.0,0.0,,,0.0,0.0,,4.035,0.003,20.808,0.923,0.013,5.826,0.004,25.529,0.884,0.238
pipeline-components-bot,test,Bot,211,6,28.0,2,0.071,7.536,6.5,4.67,0.34,6.25,35.167,45.0,25.199,0.347,38.5,1.445,1.0,0.752,0.221,1.0,3.25,4.0,1.206,0.181,1.0,0.449,0.0,3.77,0.96,0.001,1.975,0.029,4.602,0.847,0.93,1.676,0.018,4.92,0.89,0.271,1.673,0.01,5.124,0.895,0.272
group_10887954_bot_74e3ed6e04d796e1962fa0be85fe9ae1,test,Bot,215,2,3.0,1,0.333,71.667,59.0,30.072,0.174,28.0,107.5,107.5,2.121,0.007,1.5,1.132,1.0,0.458,0.108,0.0,1.0,1.0,0.0,0.0,0.0,0.761,0.0,7.063,0.867,0.0,9.519,0.173,28.797,0.879,1.588,9.082,0.171,27.822,0.882,1.54,9.719,0.209,29.075,0.877,1.671
project_54867625_bot_ad792c58eb8ac400c2b3777ec95f2d0a,test,Bot,300,1,1.0,1,1.0,300.0,300.0,0.0,0.0,0.0,300.0,300.0,0.0,0.0,0.0,300.0,300.0,0.0,0.0,0.0,1.0,1.0,0.0,0.0,0.0,1509.255,1509.255,0.0,0.0,0.0,,,0.0,0.0,,5.048,0.928,14.495,0.794,3.656,,,0.0,0.0,
project_15291320_bot_7971e8d6eeba4fcde2f7b94650f5e8be,test,Bot,99,6,1.0,1,1.0,99.0,99.0,0.0,0.0,0.0,16.5,15.5,5.431,0.157,5.75,99.0,99.0,0.0,0.0,0.0,6.0,6.0,0.0,0.0,0.0,2016.009,2016.009,0.0,0.0,0.0,,,0.0,0.0,,20.572,0.001,49.993,0.862,6.988,21.218,0.001,50.648,0.857,6.989
project_18730232_bot_c0572ced588713c7b3b43dfa660760c0,test,Bot,67,1,1.0,1,1.0,67.0,67.0,0.0,0.0,0.0,67.0,67.0,0.0,0.0,0.0,67.0,67.0,0.0,0.0,0.0,1.0,1.0,0.0,0.0,0.0,2168.755,2168.755,0.0,0.0,0.0,,,0.0,0.0,,32.86,18.545,49.284,0.637,46.77,,,0.0,0.0,
project_18730232_bot_f29cf73cf23eed996249b68cc586ab5a,test,Bot,38,3,1.0,1,1.0,38.0,38.0,0.0,0.0,0.0,12.667,13.0,0.577,0.018,0.5,38.0,38.0,0.0,0.0,0.0,3.0,3.0,0.0,0.0,0.0,2016.006,2016.006,0.0,0.0,0.0,,,0.0,0.0,,54.487,0.004,79.726,0.676,167.993,54.487,0.004,79.726,0.676,167.993
tms-bot,test,Bot,16,1,1.0,1,1.0,16.0,16.0,0.0,0.0,0.0,16.0,16.0,0.0,0.0,0.0,16.0,16.0,0.0,0.0,0.0,1.0,1.0,0.0,0.0,0.0,1997.511,1997.511,0.0,0.0,0.0,,,0.0,0.0,,133.167,31.49,177.357,0.635,157.505,,,0.0,0.0,
project_45677880_bot_b33ad15d4543d030879caf621cf78d8f,test,Bot,203,1,1.0,1,1.0,203.0,203.0,0.0,0.0,0.0,203.0,203.0,0.0,0.0,0.0,203.0,203.0,0.0,0.0,0.0,1.0,1.0,0.0,0.0,0.0,2148.716,2148.716,0.0,0.0,0.0,,,0.0,0.0,,10.637,5.142,19.368,0.645,20.046,,,0.0,0.0,
project_60607268_bot_3e558ae17beb087a20d5d7d7315d39b4,test,Bot,258,2,1.0,1,1.0,258.0,258.0,0.0,0.0,0.0,129.0,129.0,73.539,0.202,52.0,258.0,258.0,0.0,0.0,0.0,2.0,2.0,0.0,0.0,0.0,504.003,504.003,0.0,0.0,0.0,,,0.0,0.0,,1.961,0.0,6.586,0.908,0.0,1.185,0.0,5.232,0.937,0.0
stalb,test,Human,41,6,6.0,4,0.667,6.833,6.0,5.565,0.386,5.0,6.833,3.5,9.496,0.549,2.5,4.556,2.0,5.388,0.537,6.0,2.167,2.0,1.169,0.269,1.5,58.41,0.457,170.108,0.787,0.868,120.235,1.16,241.575,0.793,80.857,37.189,0.161,133.632,0.928,1.112,36.704,0.119,149.775,0.931,2.534
project_21151470_bot_736442629f8f7b42b4d112b24f7791d0,test,Bot,57,2,1.0,1,1.0,57.0,57.0,0.0,0.0,0.0,28.5,28.5,38.891,0.482,27.5,57.0,57.0,0.0,0.0,0.0,2.0,2.0,0.0,0.0,0.0,1438.581,1438.581,0.0,0.0,0.0,,,0.0,0.0,,25.689,4.054,52.122,0.747,24.031,94.582,94.582,0.0,0.0,0.0
project_21151470_bot_7bc6a7b8863a976288d507c40a61621a,test,Bot,105,2,1.0,1,1.0,105.0,105.0,0.0,0.0,0.0,52.5,52.5,72.832,0.49,51.5,105.0,105.0,0.0,0.0,0.0,2.0,2.0,0.0,0.0,0.0,1445.171,1445.171,0.0,0.0,0.0,,,0.0,0.0,,13.896,0.186,38.114,0.829,15.36,94.571,94.571,0.0,0.0,0.0
project_58711783_bot_23e091f26a184df186cb9076209c0719,test,Bot,19,1,1.0,1,1.0,19.0,19.0,0.0,0.0,0.0,19.0,19.0,0.0,0.0,0.0,19.0,19.0,0.0,0.0,0.0,1.0,1.0,0.0,0.0,0.0,2128.984,2128.984,0.0,0.0,0.0,,,0.0,0.0,,118.277,80.981,132.416,0.566,160.857,,,0.0,0.0,
math-pi,test,Human,69,3,1.0,1,1.0,69.0,69.0,0.0,0.0,0.0,23.0,4.0,35.539,0.609,31.5,69.0,69.0,0.0,0.0,0.0,3.0,3.0,0.0,0.0,0.0,1396.079,1396.079,0.0,0.0,0.0,,,0.0,0.0,,20.531,0.398,61.248,0.88,5.512,4.245,0.437,7.355,0.732,3.914
flywheel-bot,test,Bot,292,4,33.0,8,0.242,8.848,5.0,10.186,0.519,6.0,73.0,44.5,72.778,0.409,40.5,1.836,1.0,1.227,0.314,1.0,2.515,3.0,1.302,0.279,3.0,2.587,0.0,9.745,0.856,0.095,4.248,1.948,5.443,0.635,5.504,3.72,0.399,6.582,0.765,3.352,1.676,0.117,3.663,0.823,0.912
project_56243493_bot_ba196c66326fe4499f869411e46d7052,test,Bot,31,3,1.0,1,1.0,31.0,31.0,0.0,0.0,0.0,10.333,13.0,8.327,0.344,8.0,31.0,31.0,0.0,0.0,0.0,3.0,3.0,0.0,0.0,0.0,1214.15,1214.15,0.0,0.0,0.0,,,0.0,0.0,,40.472,0.658,85.607,0.804,39.431,38.826,0.002,91.911,0.84,6.774
group_85365992_bot_a383fa235583af3f1b1f40739684af2d,test,Bot,9,2,1.0,1,1.0,9.0,9.0,0.0,0.0,0.0,4.5,4.5,0.707,0.056,0.5,9.0,9.0,0.0,0.0,0.0,2.0,2.0,0.0,0.0,0.0,1851.306,1851.306,0.0,0.0,0.0,,,0.0,0.0,,231.413,0.357,447.324,0.71,171.648,263.807,0.001,472.922,0.654,336.665
group_85365992_bot_7f844b08dc34f5c1ee5f40aed61b145d,test,Bot,87,5,1.0,1,1.0,87.0,87.0,0.0,0.0,0.0,17.4,5.0,23.007,0.598,22.0,87.0,87.0,0.0,0.0,0.0,5.0,5.0,0.0,0.0,0.0,1267.601,1267.601,0.0,0.0,0.0,,,0.0,0.0,,14.74,0.003,44.695,0.905,0.019,15.459,0.001,46.704,0.902,0.002
project_25847700_bot_620c0352702cedd7e0f87d2370c585b9,test,Bot,83,1,1.0,1,1.0,83.0,83.0,0.0,0.0,0.0,83.0,83.0,0.0,0.0,0.0,83.0,83.0,0.0,0.0,0.0,1.0,1.0,0.0,0.0,0.0,2160.001,2160.001,0.0,0.0,0.0,,,0.0,0.0,,26.341,24.0,8.097,0.082,0.002,,,0.0,0.0,
group_5666320_bot_0b57c151bae9317c22e025f529ff07ba,test,Bot,273,4,5.0,3,0.6,54.6,12.0,97.215,0.681,17.0,68.25,15.5,106.503,0.589,54.25,7.378,2.0,11.461,0.645,2.0,2.6,3.0,0.894,0.123,0.0,20.868,0.001,72.007,0.838,3.021,2.022,0.081,10.817,0.937,0.153,3.106,0.161,18.6,0.913,0.551,1.31,0.055,8.683,0.952,0.143
biwg-bot,test,Bot,287,7,5.0,2,0.4,57.4,43.0,63.256,0.463,24.0,41.0,14.0,46.583,0.55,58.5,2.518,2.0,2.56,0.391,2.0,4.0,3.0,1.732,0.18,1.0,4.027,0.001,13.007,0.855,0.017,4.504,0.955,9.988,0.758,4.98,3.385,0.029,8.292,0.83,2.016,3.113,0.009,9.274,0.883,0.875
shepard-bot,test,Bot,289,3,3.0,1,0.333,96.333,23.0,133.125,0.54,117.0,96.333,31.0,115.768,0.466,101.0,9.966,4.0,14.229,0.609,6.0,3.0,3.0,0.0,0.0,0.0,25.673,0.004,59.472,0.835,0.042,14.554,0.021,20.971,0.67,23.936,4.0,0.003,13.123,0.915,0.009,7.019,0.003,17.462,0.863,0.013
The123robot,test,Bot,169,5,1.0,1,1.0,169.0,169.0,0.0,0.0,0.0,33.8,25.0,36.465,0.48,13.0,169.0,169.0,0.0,0.0,0.0,5.0,5.0,0.0,0.0,0.0,1674.872,1674.872,0.0,0.0,0.0,,,0.0,0.0,,9.969,0.012,50.019,0.961,0.106,9.254,0.007,40.273,0.951,0.123
group_5034914_bot_af6d79480d44bfb3a5f557b14c71e806,test,Bot,51,1,36.0,8,0.222,1.417,1.0,0.554,0.187,1.0,51.0,51.0,0.0,0.0,0.0,1.0,1.0,0.0,0.0,0.0,1.0,1.0,0.0,0.0,0.0,0.0,0.0,0.0,0.0,0.0,1.444,0.001,9.241,0.975,0.003,1.444,0.001,9.241,0.975,0.003,,,0.0,0.0,
project_33611450_bot_f73e10ecbe928255952661fc512af1a0,test,Bot,222,5,1.0,1,1.0,222.0,222.0,0.0,0.0,0.0,44.4,42.0,17.271,0.189,23.0,222.0,222.0,0.0,0.0,0.0,5.0,5.0,0.0,0.0,0.0,791.718,791.718,0.0,0.0,0.0,,,0.0,0.0,,3.582,0.051,22.174,0.919,0.677,3.32,0.049,22.985,0.934,0.57
abpbot,test,Bot,200,2,9.0,1,0.111,22.222,11.0,33.937,0.633,26.0,100.0,100.0,140.007,0.495,99.0,1.575,1.0,1.151,0.294,1.0,1.111,1.0,0.333,0.089,0.0,0.574,0.0,1.345,0.468,0.578,0.649,0.467,0.727,0.539,0.661,0.777,0.569,0.773,0.495,0.847,1.01,1.01,0.341,0.119,0.241
solveridevbot,test,Bot,249,5,1.0,1,1.0,249.0,249.0,0.0,0.0,0.0,49.8,34.0,59.801,0.504,8.0,249.0,249.0,0.0,0.0,0.0,5.0,5.0,0.0,0.0,0.0,815.979,815.979,0.0,0.0,0.0,,,0.0,0.0,,3.29,0.009,9.79,0.901,0.005,4.922,0.009,10.717,0.825,0.024
project_40106309_bot_5c9b648cbf0a492dea949ae9a2e39081,test,Bot,52,2,1.0,1,1.0,52.0,52.0,0.0,0.0,0.0,26.0,26.0,35.355,0.481,25.0,52.0,52.0,0.0,0.0,0.0,2.0,2.0,0.0,0.0,0.0,1390.556,1390.556,0.0,0.0,0.0,,,0.0,0.0,,27.266,21.677,50.446,0.657,27.778,22.516,22.516,0.0,0.0,0.0
group_70446164_bot_2b5eee27d1fa0f544100953ddea82aef,test,Bot,119,3,4.0,2,0.5,29.75,25.5,26.588,0.405,16.75,39.667,18.0,49.217,0.51,45.5,2.38,1.0,3.155,0.476,1.0,1.75,1.5,0.957,0.25,1.25,31.845,0.0,171.593,0.878,0.335,11.299,1.839,20.718,0.725,15.894,18.186,2.681,36.497,0.773,15.328,34.331,1.339,54.066,0.721,46.847
group_13501534_bot_3403959abd4f8e037292b39e15af20c7,test,Bot,193,1,3.0,3,1.0,64.333,14.0,95.081,0.584,84.5,193.0,193.0,0.0,0.0,0.0,8.773,1.5,12.899,0.664,8.25,1.0,1.0,0.0,0.0,0.0,89.233,0.02,158.572,0.551,109.923,9.564,4.943,8.93,0.499,16.746,11.271,1.07,30.47,0.821,5.447,,,0.0,0.0,
project_45471583_bot_e6f6a6d463ad6802d8b3e281d8c3cc32,test,Bot,66,6,1.0,1,1.0,66.0,66.0,0.0,0.0,0.0,11.0,9.0,10.621,0.485,16.75,66.0,66.0,0.0,0.0,0.0,6.0,6.0,0.0,0.0,0.0,1256.297,1256.297,0.0,0.0,0.0,,,0.0,0.0,,19.328,0.019,41.666,0.823,13.246,8.501,0.004,25.408,0.875,3.011
project_16459289_bot_dd9050bef2c08a355bd955153f8d0e0e,test,Bot,157,1,1.0,1,1.0,157.0,157.0,0.0,0.0,0.0,157.0,157.0,0.0,0.0,0.0,157.0,157.0,0.0,0.0,0.0,1.0,1.0,0.0,0.0,0.0,2139.625,2139.625,0.0,0.0,0.0,,,0.0,0.0,,13.716,1.909,28.985,0.771,17.475,,,0.0,0.0,
group_84112325_bot_ea39c2d1452d20384a902075f9acb2f2,test,Bot,285,5,9.0,1,0.111,31.667,36.0,11.5,0.171,8.0,57.0,14.0,71.221,0.582,103.0,1.993,2.0,0.968,0.24,1.0,3.333,3.0,1.0,0.156,1.0,0.043,0.001,0.319,0.955,0.002,11.789,0.018,40.432,0.927,0.03,5.916,0.003,29.14,0.963,0.02,4.714,0.002,26.869,0.971,0.013
magdabot,test,Bot,51,2,1.0,1,1.0,51.0,51.0,0.0,0.0,0.0,25.5,25.5,26.163,0.363,18.5,51.0,51.0,0.0,0.0,0.0,2.0,2.0,0.0,0.0,0.0,2091.184,2091.184,0.0,0.0,0.0,,,0.0,0.0,,41.824,12.139,87.158,0.725,41.744,105.705,46.374,157.818,0.666,86.061
group_87841352_bot_06158a4348bb86c5f716829c854dc0cb,test,Bot,287,2,1.0,1,1.0,287.0,287.0,0.0,0.0,0.0,143.5,143.5,2.121,0.005,1.5,287.0,287.0,0.0,0.0,0.0,2.0,2.0,0.0,0.0,0.0,477.437,477.437,0.0,0.0,0.0,,,0.0,0.0,,1.669,0.772,3.84,0.714,0.917,2.335,0.778,4.736,0.723,0.831
ginkgo-bot,test,Bot,269,3,1.0,1,1.0,269.0,269.0,0.0,0.0,0.0,89.667,34.0,126.081,0.577,116.5,269.0,269.0,0.0,0.0,0.0,3.0,3.0,0.0,0.0,0.0,1275.716,1275.716,0.0,0.0,0.0,,,0.0,0.0,,4.76,0.452,13.485,0.828,2.524,6.786,0.558,20.68,0.831,4.886
project_54957577_bot_7321125886f443c0782dbdfdabc5267e,test,Bot,154,6,1.0,1,1.0,154.0,154.0,0.0,0.0,0.0,25.667,20.0,27.811,0.53,45.0,154.0,154.0,0.0,0.0,0.0,6.0,6.0,0.0,0.0,0.0,1458.857,1458.857,0.0,0.0,0.0,,,0.0,0.0,,9.535,0.003,25.322,0.874,0.304,8.522,0.002,23.282,0.885,0.134
project_54957577_bot_985ef042f665e7d9793246aff8532635,test,Bot,93,2,1.0,1,1.0,93.0,93.0,0.0,0.0,0.0,46.5,46.5,64.347,0.489,45.5,93.0,93.0,0.0,0.0,0.0,2.0,2.0,0.0,0.0,0.0,1410.88,1410.88,0.0,0.0,0.0,,,0.0,0.0,,15.336,2.754,24.797,0.697,24.087,4.648,4.648,0.0,0.0,0.0
project_54957577_bot_10407bb3c377aef81f252c48775cf809,test,Bot,69,2,1.0,1,1.0,69.0,69.0,0.0,0.0,0.0,34.5,34.5,47.376,0.486,33.5,69.0,69.0,0.0,0.0,0.0,2.0,2.0,0.0,0.0,0.0,1445.566,1445.566,0.0,0.0,0.0,,,0.0,0.0,,21.258,2.57,61.05,0.809,20.302,4.706,4.706,0.0,0.0,0.0
project_42150930_bot_a47792031cb8d13d263edbcd69a1b639,test,Bot,113,4,1.0,1,1.0,113.0,113.0,0.0,0.0,0.0,28.25,24.5,27.633,0.467,34.25,113.0,113.0,0.0,0.0,0.0,4.0,4.0,0.0,0.0,0.0,1943.254,1943.254,0.0,0.0,0.0,,,0.0,0.0,,17.35,0.364,43.021,0.854,6.531,16.216,0.363,38.219,0.842,7.452
group_3327297_bot_3490d86a901d88a501a5b5a8af9f910e,test,Bot,86,4,12.0,3,0.25,7.167,6.0,5.474,0.399,5.0,21.5,19.0,16.902,0.372,16.0,2.15,2.0,1.35,0.325,2.0,1.917,1.5,1.084,0.286,2.0,0.003,0.001,0.004,0.459,0.004,7.395,0.122,21.795,0.888,0.28,3.394,0.006,15.12,0.948,0.116,4.871,0.004,18.531,0.934,0.049
group_3327297_bot_18b4c1b78122aefdbc491ca59fdf6240,test,Bot,207,4,43.0,4,0.093,4.814,6.0,2.363,0.26,5.0,51.75,54.0,21.376,0.194,30.75,1.025,1.0,0.156,0.024,0.0,3.163,4.0,1.022,0.164,2.0,0.004,0.0,0.056,0.795,0.0,0.805,0.001,8.636,0.989,0.001,0.789,0.001,8.531,0.989,0.001,2.362,0.0,16.666,0.973,0.001
CouchersBot,test,Bot,263,2,1.0,1,1.0,263.0,263.0,0.0,0.0,0.0,131.5,131.5,99.702,0.268,70.5,263.0,263.0,0.0,0.0,0.0,2.0,2.0,0.0,0.0,0.0,951.903,951.903,0.0,0.0,0.0,,,0.0,0.0,,3.633,0.805,6.296,0.729,3.821,3.821,0.998,5.918,0.693,3.961
project_12968493_bot_9e55734f2799df42f53a5dd6429a880d,test,Bot,195,3,1.0,1,1.0,195.0,195.0,0.0,0.0,0.0,65.0,86.0,56.507,0.366,53.5,195.0,195.0,0.0,0.0,0.0,3.0,3.0,0.0,0.0,0.0,1443.022,1443.022,0.0,0.0,0.0,,,0.0,0.0,,7.438,0.003,29.532,0.914,0.043,8.483,0.006,31.419,0.909,0.084
project_58329899_bot_b02ca162b0a7e99d7f78a32638acd39a,test,Bot,12,1,1.0,1,1.0,12.0,12.0,0.0,0.0,0.0,12.0,12.0,0.0,0.0,0.0,12.0,12.0,0.0,0.0,0.0,1.0,1.0,0.0,0.0,0.0,1967.056,1967.056,0.0,0.0,0.0,,,0.0,0.0,,178.823,82.444,200.051,0.552,233.021,,,0.0,0.0,
empaia-ci-bot,test,Bot,298,5,26.0,3,0.115,11.462,9.5,8.031,0.354,9.0,59.6,52.0,40.906,0.315,9.0,1.505,1.0,1.116,0.26,1.0,3.385,4.0,1.203,0.172,1.0,0.866,0.0,5.241,0.924,0.001,4.367,0.018,11.511,0.866,0.804,3.474,0.011,10.056,0.89,0.091,3.028,0.005,8.759,0.893,0.018
bc-bot,test,Bot,87,4,6.0,5,0.833,14.5,16.0,7.503,0.251,6.5,21.75,17.5,20.549,0.434,29.25,1.338,1.0,0.644,0.199,1.0,2.0,2.0,1.095,0.25,0.75,10.542,0.0,40.663,0.759,0.0,23.044,0.002,51.991,0.844,7.416,25.117,0.003,55.632,0.84,5.837,24.0,0.023,51.968,0.828,15.166
project_32555934_bot_6a7a8ade4d11fa859fabfccc4fade736,test,Bot,10,2,1.0,1,1.0,10.0,10.0,0.0,0.0,0.0,5.0,5.0,0.0,0.0,0.0,10.0,10.0,0.0,0.0,0.0,2.0,2.0,0.0,0.0,0.0,815.824,815.824,0.0,0.0,0.0,,,0.0,0.0,,90.647,0.001,172.241,0.778,97.682,90.647,0.001,172.241,0.778,97.682
project_46649240_bot_a3334877459e5a1afa7152a61fb81472,test,Bot,23,2,1.0,1,1.0,23.0,23.0,0.0,0.0,0.0,11.5,11.5,14.849,0.457,10.5,23.0,23.0,0.0,0.0,0.0,2.0,2.0,0.0,0.0,0.0,1392.602,1392.602,0.0,0.0,0.0,,,0.0,0.0,,63.3,50.852,74.152,0.583,72.768,0.021,0.021,0.0,0.0,0.0
project_59706718_bot_9258bfac8d006264ba3e678d0db215c5,test,Bot,273,5,1.0,1,1.0,273.0,273.0,0.0,0.0,0.0,54.6,11.0,104.397,0.724,14.0,273.0,273.0,0.0,0.0,0.0,5.0,5.0,0.0,0.0,0.0,1663.225,1663.225,0.0,0.0,0.0,,,0.0,0.0,,6.115,2.01,12.673,0.627,4.003,6.749,0.642,26.961,0.87,2.286
group_4393555_bot_2010b002c789eb042360c58ac4575935,test,Bot,132,3,11.0,5,0.455,12.0,9.0,11.619,0.455,7.0,44.0,35.0,24.759,0.237,23.5,6.0,2.0,7.064,0.508,5.75,2.545,3.0,0.522,0.097,1.0,3.48,0.002,14.766,0.944,0.001,62.686,0.519,122.541,0.788,91.116,10.633,0.002,53.518,0.938,0.058,16.712,0.002,66.62,0.933,0.311
project_37401966_bot_10cd908228cc6e7685ab0b0fdfdbf1a3,test,Bot,39,1,1.0,1,1.0,39.0,39.0,0.0,0.0,0.0,39.0,39.0,0.0,0.0,0.0,39.0,39.0,0.0,0.0,0.0,1.0,1.0,0.0,0.0,0.0,319.684,319.684,0.0,0.0,0.0,,,0.0,0.0,,8.413,1.28,16.953,0.764,4.949,,,0.0,0.0,
project_30910044_bot_8b59d5cd74747d38fa68050edbabcadb,test,Bot,91,1,1.0,1,1.0,91.0,91.0,0.0,0.0,0.0,91.0,91.0,0.0,0.0,0.0,91.0,91.0,0.0,0.0,0.0,1.0,1.0,0.0,0.0,0.0,2160.001,2160.001,0.0,0.0,0.0,,,0.0,0.0,,24.0,24.0,0.009,0.0,0.005,,,0.0,0.0,
scrwbot,test,Bot,26,3,1.0,1,1.0,26.0,26.0,0.0,0.0,0.0,8.667,9.0,2.517,0.128,2.5,26.0,26.0,0.0,0.0,0.0,3.0,3.0,0.0,0.0,0.0,2017.674,2017.674,0.0,0.0,0.0,,,0.0,0.0,,80.707,0.891,179.9,0.808,74.7,74.483,0.742,185.152,0.842,54.056
group_3434605_bot_6f5d8e75269d9a034a3a754c34bc0bcd,test,Bot,54,3,14.0,1,0.071,3.857,2.0,4.881,0.418,0.0,18.0,19.0,3.606,0.086,3.5,2.348,2.0,2.269,0.322,0.5,2.071,2.0,0.267,0.032,0.0,63.203,0.001,189.135,0.863,0.001,10.561,0.002,35.171,0.91,0.004,31.812,0.002,61.259,0.796,32.052,16.227,0.001,45.697,0.887,0.003
twfgcicdbot,test,Bot,9,1,2.0,2,1.0,4.5,4.5,4.95,0.389,3.5,9.0,9.0,0.0,0.0,0.0,3.0,3.0,2.0,0.296,2.0,1.0,1.0,0.0,0.0,0.0,653.33,239.991,931.523,0.378,860.0,40.0,40.0,56.564,0.5,39.997,254.999,80.001,345.642,0.617,254.001,,,0.0,0.0,
group_52363995_bot_b18f7e73094eb76a5b251cd47aa83323,test,Bot,131,1,20.0,3,0.15,6.55,7.0,1.905,0.145,1.25,131.0,131.0,0.0,0.0,0.0,1.04,1.0,0.196,0.037,0.0,1.0,1.0,0.0,0.0,0.0,3.443,0.0,20.552,0.357,0.0,13.823,0.016,50.153,0.929,0.232,16.629,0.018,52.395,0.91,0.467,,,0.0,0.0,
group_52363995_bot_ae29d2aadf61a96abf747abdd6544e8a,test,Bot,300,2,25.0,1,0.04,12.0,2.0,33.402,0.766,0.0,150.0,150.0,98.995,0.233,70.0,1.734,2.0,0.646,0.163,1.0,1.96,2.0,0.2,0.02,0.0,0.156,0.004,1.922,0.959,0.018,1.604,0.005,9.515,0.97,0.011,1.013,0.005,7.386,0.976,0.014,0.08,0.017,0.608,0.843,0.005
project_61399101_bot_d3469d493b6f845ff41c4290aa91ce76,test,Bot,300,1,1.0,1,1.0,300.0,300.0,0.0,0.0,0.0,300.0,300.0,0.0,0.0,0.0,300.0,300.0,0.0,0.0,0.0,1.0,1.0,0.0,0.0,0.0,1491.104,1491.104,0.0,0.0,0.0,,,0.0,0.0,,4.987,1.269,8.887,0.713,4.223,,,0.0,0.0,
project_36536308_bot_3ebca4b7dd3d1eea7e824279a27d6103,test,Bot,5,4,1.0,1,1.0,5.0,5.0,0.0,0.0,0.0,1.25,1.0,0.5,0.15,0.25,5.0,5.0,0.0,0.0,0.0,4.0,4.0,0.0,0.0,0.0,1190.845,1190.845,0.0,0.0,0.0,,,0.0,0.0,,297.711,223.425,346.595,0.542,449.133,380.948,398.848,372.32,0.434,371.997
group_6969493_bot_ed3f9a6e7260c3d9042cac9c2b31ab57,test,Bot,261,2,12.0,1,0.083,21.75,3.5,34.66,0.699,26.75,130.5,130.5,170.413,0.462,120.5,4.015,1.0,11.386,0.679,1.0,1.25,1.0,0.452,0.15,0.25,5.539,0.0,14.554,0.645,0.001,19.123,0.002,28.415,0.664,24.002,6.092,0.001,17.594,0.881,0.001,19.199,11.998,24.786,0.583,24.002
group_66745730_bot_48b246fddf2a44778d7f5f93482d554e,test,Bot,300,1,5.0,5,1.0,60.0,53.0,46.909,0.388,39.0,300.0,300.0,0.0,0.0,0.0,1.195,1.0,0.557,0.146,0.0,1.0,1.0,0.0,0.0,0.0,0.2,0.0,0.574,0.237,0.0,0.422,0.321,0.342,0.416,0.418,0.52,0.432,0.389,0.408,0.671,,,0.0,0.0,
group_66745730_bot_91cf5a8c35c92717a1d9f91123fe5fd4,test,Bot,300,1,7.0,3,0.429,42.857,14.0,53.97,0.562,59.5,300.0,300.0,0.0,0.0,0.0,1.064,1.0,0.245,0.056,0.0,1.0,1.0,0.0,0.0,0.0,0.228,0.0,2.157,0.55,0.0,0.62,0.506,0.538,0.438,0.684,0.798,0.556,2.105,0.523,0.804,,,0.0,0.0,
group_66104997_bot_6fc10a3a81e84457cc4b9854eca79c4a,test,Bot,300,1,6.0,1,0.167,50.0,54.0,9.798,0.067,0.0,300.0,300.0,0.0,0.0,0.0,1.0,1.0,0.0,0.0,0.0,1.0,1.0,0.0,0.0,0.0,0.0,0.0,0.0,0.0,0.0,0.179,0.094,0.155,0.441,0.193,0.179,0.094,0.155,0.441,0.193,,,0.0,0.0,
group_54413505_bot_e95385c24bc0124534a53eddc2a2fb42,test,Bot,16,1,8.0,1,0.125,2.0,2.0,0.0,0.0,0.0,16.0,16.0,0.0,0.0,0.0,1.067,1.0,0.258,0.058,0.0,1.0,1.0,0.0,0.0,0.0,81.465,0.0,315.513,0.0,0.0,0.0,0.0,0.0,0.0,0.0,81.465,0.0,315.513,0.667,0.0,,,0.0,0.0,
group_64781177_bot_8a7223988f9d30f004640e1fd96ef211,test,Bot,53,4,1.0,1,1.0,53.0,53.0,0.0,0.0,0.0,13.25,7.5,16.132,0.514,9.75,53.0,53.0,0.0,0.0,0.0,4.0,4.0,0.0,0.0,0.0,2017.022,2017.022,0.0,0.0,0.0,,,0.0,0.0,,38.789,0.006,87.701,0.829,24.037,19.926,0.007,35.148,0.753,23.997
svrbc_bot,test,Bot,28,1,1.0,1,1.0,28.0,28.0,0.0,0.0,0.0,28.0,28.0,0.0,0.0,0.0,28.0,28.0,0.0,0.0,0.0,1.0,1.0,0.0,0.0,0.0,2016.795,2016.795,0.0,0.0,0.0,,,0.0,0.0,,74.696,3.163,80.33,0.545,163.337,,,0.0,0.0,
centos-stream-zuul-ci-bot,test,Bot,284,2,59.0,1,0.017,4.814,4.0,2.576,0.28,3.0,142.0,142.0,80.61,0.201,57.0,1.832,2.0,1.025,0.27,1.0,1.915,2.0,0.281,0.04,0.0,0.065,0.0,0.257,0.779,0.001,0.499,0.069,2.613,0.866,0.153,0.307,0.038,1.942,0.866,0.136,0.191,0.001,1.272,0.89,0.074
group_8794173_bot_b5827ad644a132afae20972d6b53fa4f,test,Bot,222,6,7.0,2,0.286,31.714,4.0,60.574,0.717,18.0,37.0,22.0,43.132,0.461,13.5,2.337,1.0,2.3,0.427,2.0,2.286,2.0,1.704,0.304,0.5,0.927,0.0,3.175,0.75,0.329,1.968,0.02,7.936,0.914,0.457,1.236,0.051,5.558,0.904,0.374,0.703,0.025,2.638,0.886,0.229
dld-bot,test,Bot,296,5,6.0,2,0.333,49.333,9.0,72.279,0.649,68.0,59.2,72.0,47.294,0.395,72.0,6.578,4.0,9.771,0.564,6.0,3.167,3.5,1.472,0.237,1.75,17.059,0.053,42.019,0.817,4.984,2.985,1.996,3.864,0.606,3.86,3.047,0.048,5.955,0.777,3.021,1.794,0.032,4.313,0.825,1.03
group_7094694_bot_13db0e7f5249ed14b4a7f0ee7a2c9618,test,Bot,300,1,32.0,17,0.531,9.375,4.0,10.32,0.544,7.5,300.0,300.0,0.0,0.0,0.0,1.351,1.0,0.814,0.216,0.0,1.0,1.0,0.0,0.0,0.0,0.603,0.0,3.888,0.872,0.0,5.258,0.354,15.067,0.858,1.635,4.334,0.25,13.44,0.872,1.319,,,0.0,0.0,
NonsaBot,test,Bot,269,2,6.0,2,0.333,44.833,24.5,53.207,0.49,19.0,134.5,134.5,180.312,0.474,127.5,1.735,1.0,2.313,0.383,0.0,2.0,2.0,0.0,0.0,0.0,0.941,0.0,3.2,0.602,0.0,1.093,0.255,2.958,0.769,0.678,1.173,0.58,2.337,0.642,1.045,0.371,0.041,0.551,0.668,0.722
project_48189215_bot_699528b4dea93c9d73520443caebaf21,test,Bot,300,1,1.0,1,1.0,300.0,300.0,0.0,0.0,0.0,300.0,300.0,0.0,0.0,0.0,300.0,300.0,0.0,0.0,0.0,1.0,1.0,0.0,0.0,0.0,300.003,300.003,0.0,0.0,0.0,,,0.0,0.0,,1.003,1.0,0.058,0.004,0.001,,,0.0,0.0,
group_14626556_bot_3b6649d7f7df16e975e6197623c34cf9,test,Bot,246,3,35.0,3,0.086,7.029,6.0,6.586,0.381,3.0,82.0,81.0,4.583,0.024,4.5,3.195,3.0,0.932,0.08,0.0,2.971,3.0,0.169,0.009,0.0,0.415,0.001,3.552,0.984,0.001,27.69,2.455,57.982,0.747,27.935,8.72,0.001,34.638,0.913,0.111,8.589,0.001,34.718,0.915,0.109
project_55313410_bot_2f8450e02bfd8475590fe439e0e9ad5e,test,Bot,5,3,1.0,1,1.0,5.0,5.0,0.0,0.0,0.0,1.667,2.0,0.577,0.133,0.5,5.0,5.0,0.0,0.0,0.0,3.0,3.0,0.0,0.0,0.0,237.45,237.45,0.0,0.0,0.0,,,0.0,0.0,,59.363,0.791,117.672,0.747,60.149,59.363,0.791,117.672,0.747,60.149
gitlab-omnibus-mirror-bot,test,Bot,178,3,10.0,1,0.1,17.8,4.0,39.746,0.728,3.25,59.333,64.0,54.151,0.404,54.0,2.472,1.0,3.378,0.478,1.25,1.7,2.0,0.483,0.124,0.75,0.454,0.0,1.347,0.733,0.012,0.484,0.335,0.682,0.57,0.463,0.379,0.162,0.558,0.621,0.566,0.27,0.009,0.629,0.776,0.384
fgbot,test,Bot,13,1,2.0,2,1.0,6.5,6.5,6.364,0.346,4.5,13.0,13.0,0.0,0.0,0.0,6.5,6.5,6.364,0.346,4.5,1.0,1.0,0.0,0.0,0.0,277.043,277.043,237.581,0.303,167.995,346.94,346.94,0.0,0.0,0.0,75.085,24.02,107.48,0.644,123.773,,,0.0,0.0,
project_48061331_bot_186c92af4ae46f6c3ef2320ff211d8bb,test,Bot,300,1,1.0,1,1.0,300.0,300.0,0.0,0.0,0.0,300.0,300.0,0.0,0.0,0.0,300.0,300.0,0.0,0.0,0.0,1.0,1.0,0.0,0.0,0.0,299.989,299.989,0.0,0.0,0.0,,,0.0,0.0,,1.003,1.0,0.058,0.005,0.003,,,0.0,0.0,
project_65554032_bot_50b896a6fdca5f8c1fdbb329298835d1,test,Bot,36,2,1.0,1,1.0,36.0,36.0,0.0,0.0,0.0,18.0,18.0,24.042,0.472,17.0,36.0,36.0,0.0,0.0,0.0,2.0,2.0,0.0,0.0,0.0,214.216,214.216,0.0,0.0,0.0,,,0.0,0.0,,6.12,0.15,11.694,0.796,5.569,0.22,0.22,0.0,0.0,0.0
group_12499775_bot_ed0f038b491dd03a9ddd0da2cd99988d,test,Bot,300,2,49.0,8,0.163,6.122,4.0,4.466,0.387,8.0,150.0,150.0,7.071,0.017,5.0,1.84,2.0,0.384,0.078,0.0,2.0,2.0,0.0,0.0,0.0,0.124,0.001,1.571,0.988,0.001,7.279,0.003,45.96,0.971,0.188,4.011,0.001,33.988,0.983,0.004,3.894,0.001,34.673,0.984,0.002
aisop-robot,test,Human,7,1,1.0,1,1.0,7.0,7.0,0.0,0.0,0.0,7.0,7.0,0.0,0.0,0.0,7.0,7.0,0.0,0.0,0.0,1.0,1.0,0.0,0.0,0.0,0.313,0.313,0.0,0.0,0.0,,,0.0,0.0,,0.052,0.056,0.024,0.238,0.026,,,0.0,0.0,
group_2980707_bot_9e06a56f003203e158cd91acd6048ce7,test,Bot,238,3,80.0,1,0.012,2.975,2.0,2.774,0.321,1.0,79.333,108.0,53.154,0.263,47.0,1.172,1.0,1.106,0.14,0.0,2.025,2.0,0.449,0.089,0.0,0.027,0.0,0.127,0.511,0.0,0.195,0.113,0.291,0.57,0.197,0.189,0.104,0.281,0.586,0.196,0.233,0.124,0.345,0.591,0.22
group_4205920_bot_7099e3550c79317cccfd60ff4086bbb1,test,Bot,15,1,1.0,1,1.0,15.0,15.0,0.0,0.0,0.0,15.0,15.0,0.0,0.0,0.0,15.0,15.0,0.0,0.0,0.0,1.0,1.0,0.0,0.0,0.0,1297.904,1297.904,0.0,0.0,0.0,,,0.0,0.0,,92.707,28.031,118.744,0.624,138.921,,,0.0,0.0,
project_58594472_bot_8f9f4d3690b3a5f01782abbd1efde7c5,test,Bot,160,8,1.0,1,1.0,160.0,160.0,0.0,0.0,0.0,20.0,5.0,24.495,0.591,42.75,160.0,160.0,0.0,0.0,0.0,8.0,8.0,0.0,0.0,0.0,1445.409,1445.409,0.0,0.0,0.0,,,0.0,0.0,,9.091,0.003,54.791,0.937,0.024,10.456,0.002,62.593,0.938,0.025
group_15475008_bot_7d67b649789ad89b9ae204a23d491ab6,test,Bot,282,4,6.0,2,0.333,47.0,24.5,50.813,0.482,30.25,70.5,52.5,74.594,0.477,53.5,2.074,1.0,1.995,0.4,1.0,3.0,3.0,0.632,0.093,0.0,5.112,0.0,13.197,0.671,0.003,8.024,0.049,16.835,0.78,6.059,6.329,0.015,13.922,0.802,5.992,7.286,0.025,14.621,0.761,11.776
Dexter9313,test,Bot,148,3,6.0,1,0.167,24.667,7.0,37.596,0.66,26.5,49.333,4.0,80.258,0.631,70.0,2.96,1.0,5.391,0.541,1.75,1.5,1.5,0.548,0.167,1.0,19.633,0.0,57.467,0.743,4.416,24.049,4.277,35.274,0.701,31.905,14.694,0.485,39.497,0.848,5.725,5.753,0.505,8.994,0.71,7.9
rainbow-robot,test,Bot,112,3,3.0,1,0.333,37.333,38.0,5.033,0.06,5.0,37.333,9.0,49.075,0.506,42.5,2.196,2.0,1.744,0.367,2.0,1.667,1.0,1.155,0.267,1.0,12.632,0.017,30.398,0.697,4.518,28.435,15.848,62.728,0.72,20.765,18.613,2.554,46.649,0.777,19.005,1.391,0.014,4.287,0.895,0.395
ComhixBot,test,Bot,224,6,6.0,3,0.5,37.333,43.5,18.554,0.216,10.0,37.333,49.5,29.426,0.378,49.5,3.155,3.0,1.997,0.348,4.0,3.833,4.0,1.602,0.181,0.0,0.009,0.004,0.014,0.55,0.01,11.992,0.018,41.075,0.924,0.055,3.767,0.002,23.569,0.976,0.008,4.742,0.002,26.382,0.97,0.008
env0-bot-bors,test,Bot,264,1,1.0,1,1.0,264.0,264.0,0.0,0.0,0.0,264.0,264.0,0.0,0.0,0.0,264.0,264.0,0.0,0.0,0.0,1.0,1.0,0.0,0.0,0.0,320.596,320.596,0.0,0.0,0.0,,,0.0,0.0,,1.219,0.009,5.162,0.893,0.664,,,0.0,0.0,
group_2995119_bot_bbd491cd3c6207342ecc37c4a8409437,test,Bot,292,7,23.0,6,0.261,12.696,4.0,23.6,0.706,7.5,41.714,11.0,45.635,0.538,65.5,2.212,2.0,1.694,0.354,1.0,2.435,3.0,1.237,0.255,2.0,4.451,0.0,23.269,0.91,0.002,6.324,0.028,10.129,0.732,14.762,4.866,0.006,9.344,0.788,0.315,3.662,0.004,8.406,0.838,0.039
project_61371531_bot_8df966d1555830c402a835fad33de9a2,test,Bot,40,1,1.0,1,1.0,40.0,40.0,0.0,0.0,0.0,40.0,40.0,0.0,0.0,0.0,40.0,40.0,0.0,0.0,0.0,1.0,1.0,0.0,0.0,0.0,412.024,412.024,0.0,0.0,0.0,,,0.0,0.0,,10.565,3.031,17.738,0.708,12.275,,,0.0,0.0,
project_61371531_bot_d72caf5763a275341206e3890f1d3206,test,Bot,38,2,1.0,1,1.0,38.0,38.0,0.0,0.0,0.0,19.0,19.0,25.456,0.474,18.0,38.0,38.0,0.0,0.0,0.0,2.0,2.0,0.0,0.0,0.0,1592.022,1592.022,0.0,0.0,0.0,,,0.0,0.0,,43.028,5.379,127.352,0.792,36.865,0.487,0.487,0.0,0.0,0.0
group_7040839_bot_0b2dc8a322bdefb94c19cc3a06af64f9,test,Bot,268,5,11.0,1,0.091,24.364,12.0,29.166,0.546,21.0,53.6,60.0,40.857,0.376,32.0,3.392,2.0,4.074,0.46,2.5,2.818,3.0,1.079,0.194,1.0,5.498,0.003,18.726,0.892,0.424,19.451,2.987,40.285,0.773,18.983,7.309,0.008,25.101,0.9,1.005,7.105,0.003,26.033,0.909,0.826
project_48189896_bot_5a893e7dbccf13135fbe6795cd22f0a4,test,Bot,300,1,1.0,1,1.0,300.0,300.0,0.0,0.0,0.0,300.0,300.0,0.0,0.0,0.0,300.0,300.0,0.0,0.0,0.0,1.0,1.0,0.0,0.0,0.0,300.003,300.003,0.0,0.0,0.0,,,0.0,0.0,,1.003,1.0,0.058,0.004,0.001,,,0.0,0.0,
project_62408328_bot_3a827d442d135d5667e2683cd9995920,test,Bot,299,1,1.0,1,1.0,299.0,299.0,0.0,0.0,0.0,299.0,299.0,0.0,0.0,0.0,299.0,299.0,0.0,0.0,0.0,1.0,1.0,0.0,0.0,0.0,428.999,428.999,0.0,0.0,0.0,,,0.0,0.0,,1.44,1.019,0.76,0.266,1.0,,,0.0,0.0,
git-vcs-robot,test,Bot,208,3,4.0,1,0.25,52.0,31.0,49.065,0.387,33.5,69.333,6.0,114.054,0.641,100.0,2.101,1.0,1.94,0.4,1.0,1.5,1.5,0.577,0.167,1.0,8.233,0.0,15.68,0.495,7.821,9.517,4.693,14.237,0.651,10.451,8.443,3.484,12.274,0.649,11.511,9.551,0.569,18.858,0.763,13.005
pantacor_one_cibot,test,Bot,227,2,3.0,2,0.667,75.667,87.0,48.993,0.282,48.0,113.5,113.5,139.3,0.434,98.5,2.204,1.0,2.229,0.421,1.5,1.333,1.0,0.577,0.167,0.5,10.603,0.0,26.305,0.641,5.534,10.628,9.363,8.272,0.411,11.034,9.629,5.104,9.784,0.548,18.258,6.291,4.739,5.969,0.52,10.895
group_92907445_bot_b453f88cba31a74ec234edd8bb0de473,test,Bot,107,1,9.0,1,0.111,11.889,6.0,13.004,0.532,16.0,107.0,107.0,0.0,0.0,0.0,1.39,1.0,0.71,0.217,1.0,1.0,1.0,0.0,0.0,0.0,6.618,0.0,18.834,0.579,0.341,21.441,4.52,40.239,0.747,20.668,20.18,4.619,36.495,0.726,19.695,,,0.0,0.0,
project_64272446_bot_e20e7ae1c4c739dc5aca5e5bd3091c7d,test,Bot,77,2,1.0,1,1.0,77.0,77.0,0.0,0.0,0.0,38.5,38.5,53.033,0.487,37.5,77.0,77.0,0.0,0.0,0.0,2.0,2.0,0.0,0.0,0.0,1810.908,1810.908,0.0,0.0,0.0,,,0.0,0.0,,23.828,23.898,11.879,0.244,1.445,0.634,0.634,0.0,0.0,0.0
project_43267161_bot_ec89aa711fb2e13c5cf976c811beeb01,test,Bot,91,1,1.0,1,1.0,91.0,91.0,0.0,0.0,0.0,91.0,91.0,0.0,0.0,0.0,91.0,91.0,0.0,0.0,0.0,1.0,1.0,0.0,0.0,0.0,2159.992,2159.992,0.0,0.0,0.0,,,0.0,0.0,,24.0,24.0,1.024,0.006,0.006,,,0.0,0.0,
project_50430054_bot_3b6aca02611fb82b4ec693afaf3cfe56,test,Bot,29,3,1.0,1,1.0,29.0,29.0,0.0,0.0,0.0,9.667,2.0,14.154,0.575,12.5,29.0,29.0,0.0,0.0,0.0,3.0,3.0,0.0,0.0,0.0,1662.223,1662.223,0.0,0.0,0.0,,,0.0,0.0,,59.365,1.286,233.468,0.907,17.306,59.948,0.03,82.685,0.524,135.64
fepitre-bot,test,Bot,261,1,22.0,2,0.091,11.864,4.5,15.151,0.61,15.5,261.0,261.0,0.0,0.0,0.0,2.139,2.0,1.528,0.31,1.0,1.0,1.0,0.0,0.0,0.0,0.666,0.001,2.938,0.862,0.152,3.647,1.707,4.005,0.572,5.283,2.01,0.248,3.661,0.759,2.418,,,0.0,0.0,
project_53812701_bot_879ba8a6fd4999657f01a9912d13d219,test,Bot,42,2,1.0,1,1.0,42.0,42.0,0.0,0.0,0.0,21.0,21.0,28.284,0.476,20.0,42.0,42.0,0.0,0.0,0.0,2.0,2.0,0.0,0.0,0.0,1109.366,1109.366,0.0,0.0,0.0,,,0.0,0.0,,27.058,24.0,21.463,0.213,0.011,0.184,0.184,0.0,0.0,0.0
project_64586918_bot_201df8156d1aed60bd88612d26438850,test,Bot,23,2,1.0,1,1.0,23.0,23.0,0.0,0.0,0.0,11.5,11.5,14.849,0.457,10.5,23.0,23.0,0.0,0.0,0.0,2.0,2.0,0.0,0.0,0.0,1503.188,1503.188,0.0,0.0,0.0,,,0.0,0.0,,68.327,72.001,35.681,0.24,0.012,0.039,0.039,0.0,0.0,0.0
project_43688369_bot_320af1a92d3ee92f7ccb2ef9bc7b17fe,test,Bot,37,3,1.0,1,1.0,37.0,37.0,0.0,0.0,0.0,12.333,4.0,17.098,0.559,15.5,37.0,37.0,0.0,0.0,0.0,3.0,3.0,0.0,0.0,0.0,907.836,907.836,0.0,0.0,0.0,,,0.0,0.0,,25.218,23.996,50.481,0.534,16.849,8.384,0.252,11.755,0.646,23.992
chessmango-renovatebot,test,Bot,14,5,1.0,1,1.0,14.0,14.0,0.0,0.0,0.0,2.8,1.0,2.49,0.4,4.0,14.0,14.0,0.0,0.0,0.0,5.0,5.0,0.0,0.0,0.0,164.099,164.099,0.0,0.0,0.0,,,0.0,0.0,,12.623,0.001,44.793,0.919,0.253,0.2,0.001,0.382,0.779,0.167
project_32768625_bot_edf52e28af0831265a81d169371bd691,test,Bot,36,2,1.0,1,1.0,36.0,36.0,0.0,0.0,0.0,18.0,18.0,24.042,0.472,17.0,36.0,36.0,0.0,0.0,0.0,2.0,2.0,0.0,0.0,0.0,769.659,769.659,0.0,0.0,0.0,,,0.0,0.0,,21.99,18.0,33.889,0.422,12.0,0.019,0.019,0.0,0.0,0.0
project_33574247_bot_1a527ae38b28926ab8e21a4be0e63d3a,test,Bot,91,1,1.0,1,1.0,91.0,91.0,0.0,0.0,0.0,91.0,91.0,0.0,0.0,0.0,91.0,91.0,0.0,0.0,0.0,1.0,1.0,0.0,0.0,0.0,2160.002,2160.002,0.0,0.0,0.0,,,0.0,0.0,,24.0,24.0,0.006,0.0,0.006,,,0.0,0.0,
